symbol,dividend_yield_pct,dividend_rate_baht,last_price,payout_ratio,safety_score,ex_dividend_date,last_dividend_value,five_year_avg_yield_pct,yield_vs_5y_avg,yield_on_52w_low_pct,yield_on_52w_high_pct,fetched_at,consecutive_dividend_years,annual_dividend_latest,annual_dividend_10y_total,dividend_cagr_3y,dividend_cagr_5y,dividend_cagr_10y,company_name_en,market,industry,sector
ML,25.25,0.037,0.43,,5.0,2026-08-10,0.11112,1.83,23.42,29.21,4.62,2026-10-05T03:46:37.370866+00:00,1.0,0.1111,0.1701,123.15,105.53,,"MIDA LEASING PUBLIC CO., LTD.",SET,Financials,Finance & Securities
CMR,17.89,0.104,1.24,36.32,5.0,2025-12-29,0.1043,3.16,14.73,8.67,5.78,2026-10-05T03:43:52.397175+00:00,23.0,0.2683,0.7514,59.6,38.84,20.49,CHIANG MAI RAM MEDICAL BUSINESS PUBLIC COMPANY LIMITED,SET,Services,Health Care Services
SRICHA,17.24,3.0,17.5,36.25,5.0,2026-08-27,1.0,3.85,13.39,33.33,12.93,2026-10-05T03:49:16.441181+00:00,1.0,3.0,10.584,146.62,30.26,2.11,SRIRACHA CONSTRUCTION PUBLIC COMPANY LIMITED,SET,Property & Construction,Construction Services
AIE,16.13,0.05,1.55,29.32,5.0,2026-08-25,0.2,,,5.56,2.67,2026-10-05T03:42:18.663690+00:00,2.0,0.25,0.95,0.0,,,AI ENERGY PUBLIC COMPANY LIMITED,SET,Resources,Energy & Utilities
TMT,11.26,0.1,4.42,21.74,5.0,2026-08-26,0.25,4.87,6.39,3.73,2.2,2026-10-05T03:50:14.679994+00:00,1.0,0.35,4.81,5.27,-20.47,0.74,TMT STEEL PUBLIC COMPANY LIMITED,SET,Industrials,Steel and Metal Products
ROCK,9.01,1.0,12.0,32.28,5.0,2026-05-06,1.0,,,11.11,7.52,2026-10-05T03:48:10.110490+00:00,3.0,1.0,4.6169,25.99,14.87,,ROCKWORTH PUBLIC COMPANY LIMITED,SET,Consumer Products,Home & Office Products
ROJNA,8.85,0.5,5.6,27.9,5.0,2026-04-30,0.5,5.02,3.83,11.74,7.75,2026-10-05T03:48:11.525655+00:00,12.0,0.5,3.4,7.72,20.11,17.46,ROJANA INDUSTRIAL PARK PUBLIC COMPANY LIMITED,SET,Property & Construction,Property Development
PRAKIT,8.57,0.0,10.5,25.91,5.0,2026-05-06,0.9,6.52,2.05,0.0,0.0,2026-10-05T03:47:42.431868+00:00,27.0,0.9,6.9909,-3.45,8.45,25.77,PRAKIT HOLDINGS PUBLIC COMPANY LIMITED,SET,Services,Media & Publishing
SC,8.12,0.16,1.97,35.85,5.0,2026-08-27,0.06,7.0,1.12,10.39,7.21,2026-10-05T03:48:29.408138+00:00,22.0,0.16,1.9,-8.67,-10.59,-1.7,SC ASSET CORPORATION PUBLIC COMPANY LIMITED,SET,Property & Construction,Property Development
PROUD,7.83,0.09,1.11,37.19,5.0,2026-04-29,0.09,,,13.64,7.09,2026-10-05T03:47:50.321779+00:00,,,,,,,PROUD REAL ESTATE PUBLIC COMPANY LIMITED,SET,Property & Construction,Property Development
BCP,7.71,1.05,52.5,7.04,5.0,2026-09-07,3.0,3.95,3.76,4.34,1.73,2026-10-05T03:43:02.075286+00:00,21.0,4.05,17.05,24.47,12.47,7.05,BANGCHAK CORPORATION PUBLIC COMPANY LIMITED,SET,Resources,Energy & Utilities
TMW,7.24,4.07,56.0,28.25,5.0,2026-08-04,4.07,2.97,4.27,8.22,6.41,2026-10-05T03:50:15.355701+00:00,23.0,4.07,23.33,-0.65,35.23,12.0,THAI MITSUWA PUBLIC COMPANY LIMITED,mai,Industrial,
PSP,7.09,0.2,7.15,35.0,5.0,2026-09-18,0.3,,,4.74,2.3,2026-10-05T03:47:53.540673+00:00,3.0,0.5,0.93,35.72,,,P.S.P.Specialties Public Company Limited,SET,Industrials,Industrial Materials & Machinery
TATG,7.0,0.07,1.0,37.67,5.0,2026-05-06,0.07,,,7.95,6.03,2026-10-05T03:49:41.336770+00:00,2.0,0.07,0.14,,,,THAI AUTO TOOLS AND DIE PUBLIC COMPANY LIMITED,mai,Industrial,
CPH,6.94,0.0,10.8,28.11,5.0,2026-03-12,0.75,,,0.0,0.0,2026-10-05T03:43:59.768087+00:00,3.0,0.75,3.0,14.47,8.45,,CASTLE PEAK HOLDINGS PUBLIC COMPANY LIMITED,SET,Consumer Products,Fashion
SEAFCO,6.8,0.12,2.92,23.95,5.0,2026-08-27,0.08,2.18,4.62,6.15,3.82,2026-10-05T03:48:38.935869+00:00,3.0,0.2,1.2927,30.5,-2.52,9.18,SEAFCO PUBLIC COMPANY LIMITED,SET,Property & Construction,Construction Services
SPRC,6.8,0.8,14.9,11.75,5.0,2026-08-28,0.5,3.89,2.91,18.69,5.33,2026-10-05T03:49:12.958004+00:00,5.0,0.8,6.0029,47.36,-6.81,-0.02,STAR PETROLEUM REFINING PUBLIC COMPANY LIMITED,SET,Resources,Energy & Utilities
2S,6.7,0.24,3.56,29.63,5.0,2026-08-20,0.12,6.99,-0.29,10.53,4.92,2026-10-05T03:42:04.840693+00:00,17.0,0.24,1.9291,8.1,-2.33,9.35,2S METAL PUBLIC COMPANY LIMITED,SET,Industrials,Steel and Metal Products
SYNTEC,6.7,0.12,1.8,30.0,5.0,2026-09-29,0.05,3.45,3.25,7.69,5.88,2026-10-05T03:49:37.475787+00:00,13.0,0.12,0.96,25.99,31.95,-2.21,SYNTEC CONSTRUCTION PUBLIC COMPANY LIMITED,SET,Property & Construction,Construction Services
AP,6.67,0.52,7.85,37.11,5.0,2026-05-06,0.52,5.85,0.82,7.59,5.36,2026-10-05T03:42:35.492873+00:00,23.0,0.52,4.87,-9.43,0.79,5.65,AP (THAILAND) PUBLIC COMPANY LIMITED,SET,Property & Construction,Property Development
ETC,6.67,0.048,0.71,20.32,5.0,2026-05-08,0.048,,,9.06,5.85,2026-10-05T03:44:33.704717+00:00,,,,,,,EARTH TECH ENVIRONMENT PUBLIC COMPANY LIMITED,SET,Resources,Energy & Utilities
ASW,6.54,0.5,7.65,30.66,5.0,2026-04-30,0.5,1.71,4.83,8.55,6.1,2026-10-05T03:42:48.092865+00:00,1.0,0.5,1.6947,-1.46,86.67,,ASSETWISE PUBLIC COMPANY LIMITED,SET,Property & Construction,Property Development
AKP,6.3,0.046,0.74,25.09,5.0,2026-05-11,0.046,2.27,4.03,8.21,5.23,2026-10-05T03:42:23.273298+00:00,2.0,0.046,0.495,22.54,14.87,-4.11,AKKHIE PRAKARN PUBLIC COMPANY LIMITED,mai,Services,
TAE,6.29,0.05,1.59,,5.0,2026-09-04,0.05,2.41,3.88,11.11,2.56,2026-10-05T03:49:38.500123+00:00,1.0,0.05,1.34,-37.52,-19.73,,THAI AGRO ENERGY PUBLIC COMPANY LIMITED,SET,Resources,Energy & Utilities
ADB,6.06,0.03,1.09,30.61,5.0,2026-08-20,0.03,1.88,4.18,5.66,2.17,2026-10-05T03:42:11.116565+00:00,2.0,0.06,0.2274,2.6,48.66,,APPLIED DB PUBLIC COMPANY LIMITED,mai,Industrial,
AYUD,6.05,2.57,42.5,30.82,5.0,2026-08-26,0.9,5.64,0.41,7.67,5.68,2026-10-05T03:42:52.328229+00:00,19.0,2.57,20.82,0.0,-15.34,3.92,ALLIANZ AYUDHYA CAPITAL PUBLIC COMPANY LIMITED,SET,Financials,Insurance
MBK,6.0,1.2,19.5,38.87,5.0,2026-09-16,0.6,3.58,2.42,7.36,4.9,2026-10-05T03:46:18.433176+00:00,5.0,1.2,7.49,12.18,24.57,6.16,MBK PUBLIC COMPANY LIMITED,SET,Property & Construction,Property Development
KCC,5.92,0.083,2.52,13.26,5.0,2026-08-27,0.065,1.07,4.85,5.16,2.52,2026-10-05T03:45:43.974039+00:00,5.0,0.1481,0.3063,39.72,31.34,,Knight Club Capital Holding Public Company Limited,mai,Financials,
PREB,5.88,0.2,3.38,29.65,5.0,2026-04-30,0.2,6.0,-0.12,6.06,4.88,2026-10-05T03:47:44.448906+00:00,18.0,0.2,6.5,-20.63,-12.94,-20.57,PRE-BUILT PUBLIC COMPANY LIMITED,SET,Property & Construction,Construction Services
WASH,5.83,0.179,3.66,23.72,5.0,2026-04-10,0.1066,,,5.33,2.67,2026-10-05T03:51:12.737650+00:00,2.0,0.1066,0.1788,,,,Laundry You Public Company Limited,mai,Services,
LHFG,5.74,0.07,1.21,38.46,5.0,2026-09-04,0.02,2.02,3.72,9.46,5.26,2026-10-05T03:46:04.978984+00:00,15.0,0.07,0.5,32.64,47.58,-1.33,LH FINANCIAL GROUP PUBLIC COMPANY LIMITED,SET,Financials,Banking
AH,5.7,0.86,15.1,32.08,5.0,2026-08-27,0.38,4.83,0.87,7.35,5.12,2026-10-05T03:42:16.935104+00:00,6.0,0.86,9.6118,-11.72,-3.91,5.96,AAPICO HITECH PUBLIC COMPANY LIMITED,SET,Industrials,Automotive
YUASA,5.67,0.902,15.7,38.8,5.0,2026-04-20,0.9023,3.15,2.52,8.2,5.07,2026-10-05T03:51:29.143664+00:00,11.0,0.9023,4.0811,29.86,25.4,16.86,YUASA BATTERY (THAILAND) PUBLIC COMPANY LIMITED,mai,Industrial,
CMAN,5.6,0.15,2.64,37.95,5.0,2026-03-13,0.15,,,6.82,4.84,2026-10-05T03:43:50.320618+00:00,4.0,0.15,0.52,28.92,49.63,,CHEMEMAN PUBLIC COMPANY LIMITED,SET,Industrials,Petrochemicals & Chemicals
SUSCO,5.56,0.09,2.34,38.12,5.0,2026-09-10,0.1,5.85,-0.29,4.5,3.38,2026-10-05T03:49:31.561423+00:00,18.0,0.13,1.89,-22.57,-9.99,4.97,SUSCO PUBLIC COMPANY LIMITED,SET,Resources,Energy & Utilities
S11,5.48,0.14,4.56,35.26,5.0,2026-04-09,0.14,4.3,1.18,4.7,2.88,2026-10-05T03:48:16.427414+00:00,2.0,0.14,2.78,11.87,-10.95,-9.5,S 11 GROUP PUBLIC COMPANY LIMITED,SET,Financials,Finance & Securities
RCL,5.46,2.0,46.75,26.73,5.0,2026-08-21,0.5,8.23,-2.77,8.1,3.83,2026-10-05T03:48:07.068664+00:00,6.0,2.0,21.0,10.06,-22.16,7.18,REGIONAL CONTAINER LINES PUBLIC COMPANY LIMITED,SET,Services,Transportation & Logistics
PRI,5.45,0.188,3.44,38.11,5.0,2026-05-06,0.1875,,,5.8,3.79,2026-10-05T03:47:45.796762+00:00,4.0,0.1875,2.3002,-48.91,,,Primo Service Solutions Public Company Limited,mai,Property & Construction,
SUC,5.45,1.5,27.5,38.17,5.0,2026-03-31,1.5,5.06,0.39,5.61,5.0,2026-10-05T03:49:30.190278+00:00,7.0,1.5,16.1,0.0,0.0,0.0,SAHA-UNION PUBLIC COMPANY LIMITED,SET,Consumer Products,Fashion
PAP,5.41,0.08,3.12,12.52,5.0,2026-08-24,0.09,4.46,0.95,4.44,2.12,2026-10-05T03:47:16.934410+00:00,1.0,0.17,3.7,-1.89,27.73,-3.78,PACIFIC PIPE PUBLIC COMPANY LIMITED,SET,Industrials,Steel and Metal Products
STP,5.36,0.72,11.3,39.43,5.0,2026-08-24,0.3,3.3,2.06,7.54,5.71,2026-10-05T03:49:27.964162+00:00,5.0,0.72,2.42,12.92,29.2,,SAHATHAI PRINTING & PACKAGING PUBLIC COMPANY LIMITED,mai,Industrial,
UNIX,5.28,0.114,2.12,27.69,5.0,2026-04-29,0.114,,,7.12,4.19,2026-10-05T03:51:00.477739+00:00,,,,,,,Unique Plastic Industry Public Company Limited,SET,Industrials,Packaging
MGC,5.19,0.35,6.7,15.1,5.0,2026-08-26,0.24,,,10.87,3.24,2026-10-05T03:46:29.123041+00:00,3.0,0.35,0.58,57.26,,,Millennium Group Corporation (Asia) Public Company Limited,SET,Industrials,Automotive
FPI,4.91,0.08,1.63,38.75,5.0,2026-08-26,0.04,4.54,0.37,5.48,4.32,2026-10-05T03:44:41.604384+00:00,15.0,0.08,0.995,0.0,-11.81,-6.7,FORTUNE PARTS INDUSTRY PUBLIC COMPANY LIMITED,mai,Industrial,
MBAX,4.9,0.1,2.04,29.23,5.0,2026-02-24,0.1,8.54,-3.64,7.63,3.85,2026-10-05T03:46:17.883896+00:00,1.0,0.1,3.74,-38.02,-25.98,-12.26,MULTIBAX PUBLIC COMPANY LIMITED,mai,Industrial,
JAK,4.82,0.055,1.14,25.81,5.0,2026-03-30,0.055,,,8.59,3.69,2026-10-05T03:45:31.874177+00:00,3.0,0.055,0.17,3.23,,,JAKPAISAN ESTATE PUBLIC COMPANY LIMITED,mai,Property & Construction,
TPAC,4.76,0.438,9.2,25.79,5.0,2026-05-08,0.438,2.09,2.67,6.08,3.91,2026-10-05T03:50:24.503437+00:00,6.0,0.438,2.884,-0.9,25.44,3.86,THAI PLASPAC PUBLIC COMPANY LIMITED,SET,Industrials,Packaging
LST,4.74,0.2,4.64,35.7,5.0,2026-03-09,0.22,4.38,0.36,4.55,4.07,2026-10-05T03:46:10.806624+00:00,27.0,0.22,2.26,-4.17,-2.52,8.2,LAM SOON (THAILAND) PUBLIC COMPANY LIMITED,SET,Agro & Food Industry,Food & Beverage
TITLE,4.62,0.04,8.6,34.61,5.0,2026-04-27,0.4,,,0.91,0.41,2026-10-05T03:50:04.946655+00:00,2.0,0.4,0.4745,331.78,165.85,,RHOM BHO PROPERTY PUBLIC COMPANY LIMITED,SET,Property & Construction,Property Development
SHR,4.61,0.07,1.53,34.14,5.0,2026-08-26,0.015,,,4.76,3.54,2026-10-05T03:48:47.199881+00:00,3.0,0.07,0.13,67.11,,,S HOTELS AND RESORTS PUBLIC COMPANY LIMITED,SET,Services,Tourism & Leisure
CREDIT,4.56,0.98,21.4,27.93,5.0,2026-05-06,0.98,,,6.67,3.73,2026-10-05T03:44:06.457282+00:00,2.0,0.98,1.58,,,,THAI CREDIT BANK PUBLIC COMPANY LIMITED,SET,Financials,Banking
IT,4.54,0.37,7.0,35.98,5.0,2026-08-26,0.16,2.25,2.29,11.56,3.94,2026-10-05T03:45:26.923149+00:00,3.0,0.37,1.76,29.59,65.28,2.83,IT CITY PUBLIC COMPANY LIMITED,SET,Services,Commerce
TVH,4.49,0.44,9.8,20.67,5.0,2026-03-13,0.44,,,5.5,3.46,2026-10-05T03:50:51.014117+00:00,3.0,0.44,1.25,4.1,,,THAIVIVAT HOLDINGS PUBLIC COMPANY LIMITED,SET,Financials,Insurance
FPT,4.44,0.32,7.2,32.17,5.0,2025-12-04,0.32,3.17,1.27,5.82,4.21,2026-10-05T03:44:42.161636+00:00,23.0,0.32,3.7772,-7.17,-1.21,-4.14,FRASERS PROPERTY (THAILAND) PUBLIC COMPANY LIMITED,SET,Property & Construction,Property Development
AMATA,4.35,1.35,31.0,24.62,5.0,2026-08-26,0.6,2.69,1.66,9.64,3.91,2026-10-05T03:42:30.037602+00:00,25.0,1.35,6.1155,27.59,21.98,10.53,AMATA CORPORATION PUBLIC COMPANY LIMITED,SET,Property & Construction,Property Development
CHARAN,4.35,0.9,20.6,15.15,5.0,2026-05-07,0.9,4.69,-0.34,8.74,4.17,2026-10-05T03:43:41.230906+00:00,1.0,0.9,13.5,-23.37,12.47,-3.23,CHARAN INSURANCE PUBLIC COMPANY LIMITED,SET,Financials,Insurance
SCAP,4.35,0.07,1.62,35.29,5.0,2026-05-07,0.07,0.37,3.98,7.37,3.54,2026-10-05T03:48:29.996177+00:00,7.0,0.07,1.3132,214.28,-14.99,1.38,SRISAWAD CAPITAL 1969 PUBLIC COMPANY LIMITED,SET,Financials,Finance & Securities
GYT,4.32,0.0,184.0,30.95,5.0,2026-04-30,8.0,3.24,1.08,0.0,0.0,2026-10-05T03:45:01.550615+00:00,3.0,8.0,147.4,4.55,-16.74,-8.76,GOODYEAR (THAILAND) PUBLIC COMPANY LIMITED,SET,Industrials,Automotive
LOXLEY,4.3,0.08,1.87,27.42,5.0,2026-03-11,0.08,2.49,1.81,6.67,4.08,2026-10-05T03:46:07.869387+00:00,3.0,0.08,0.7302,4.55,2.71,-1.73,LOXLEY PUBLIC COMPANY LIMITED,SET,Services,Commerce
NTSC,4.29,0.3,7.1,31.34,5.0,2026-03-13,0.3,,,5.08,3.51,2026-10-05T03:47:04.591600+00:00,3.0,0.3,0.67,12.62,,,Nutrition SC Public Company Limited,mai,Agro & Food Industry,
SPC,4.27,1.6,56.25,39.54,5.0,2026-05-07,1.6,3.06,1.21,2.92,2.74,2026-10-05T03:49:09.857405+00:00,37.0,1.6,17.4,-10.07,1.3,-1.17,SAHA PATHANAPIBUL PUBLIC COMPANY LIMITED,SET,Services,Commerce
UMI,4.26,0.04,0.93,8.88,5.0,2026-05-11,0.04,2.84,1.42,6.25,4.04,2026-10-05T03:50:59.162585+00:00,3.0,0.04,0.8493,10.06,-24.21,-11.22,THE UNION MOSAIC INDUSTRY PUBLIC COMPANY LIMITED,SET,Property & Construction,Construction Materials
MGT,4.2,0.095,2.22,29.31,5.0,2026-08-20,0.03,4.01,0.19,6.88,3.89,2026-10-05T03:46:30.947042+00:00,10.0,0.095,0.995,-1.7,-8.73,4.7,MEGACHEM (THAILAND) PUBLIC COMPANY LIMITED,mai,Industrial,
SPVI,4.14,0.145,3.48,34.84,5.0,2026-03-02,0.145,3.59,0.55,7.25,3.59,2026-10-05T03:49:15.513718+00:00,13.0,0.145,1.042,0.0,-3.69,28.3,S P V I PUBLIC COMPANY LIMITED,mai,Technology,
ORI,4.12,0.07,1.71,31.62,5.0,2026-05-11,0.049,3.43,0.69,4.29,2.5,2026-10-05T03:47:13.149961+00:00,11.0,0.049,3.6017,-46.56,-38.78,-0.66,ORIGIN PROPERTY PUBLIC COMPANY LIMITED,SET,Property & Construction,Property Development
SONIC,4.05,0.06,1.47,35.03,5.0,2026-03-17,0.06,3.24,0.81,4.35,3.61,2026-10-05T03:49:05.874939+00:00,7.0,0.06,0.5375,6.27,-11.42,,SONIC INTERFREIGHT PUBLIC COMPANY LIMITED,mai,Services,
SVOA,4.0,0.08,2.0,23.34,5.0,2026-03-12,0.0481,2.77,1.23,6.78,3.08,2026-10-05T03:49:33.471475+00:00,16.0,0.0481,0.4556,-12.17,-0.77,-1.51,SVOA PUBLIC COMPANY LIMITED,SET,Technology,Information & Communication Technology
TOP,3.94,1.0,70.5,12.42,5.0,2026-09-09,1.4,4.85,-0.91,3.03,1.36,2026-10-05T03:50:21.985173+00:00,22.0,2.4,27.8245,-15.3,-9.67,-6.05,THAI OIL PUBLIC COMPANY LIMITED,SET,Resources,Energy & Utilities
PIMO,3.92,0.026,1.25,36.1,5.0,2026-04-30,0.026,2.89,1.03,2.71,1.81,2026-10-05T03:47:27.792806+00:00,11.0,0.026,0.424,-19.59,-16.74,-2.05,PIONEER MOTOR PUBLIC COMPANY LIMITED,mai,Industrial,
PLT,3.92,0.01,0.52,35.6,5.0,2026-03-10,0.01,,,2.04,1.54,2026-10-05T03:47:33.822961+00:00,4.0,0.01,0.11,0.0,,,Pilatus Marine Public Company Limited,mai,Services,
SMD100,3.78,0.06,1.68,27.14,5.0,2026-05-08,0.06242,7.9,-4.12,5.77,1.69,2026-10-05T03:48:59.121421+00:00,5.0,0.0624,2.3386,-54.21,-38.79,,SMD RISE PUBLIC COMPANY LIMITED,mai,Consumer Products,
CKP,3.76,0.088,2.34,30.14,5.0,2026-05-07,0.088,1.87,1.89,4.15,3.12,2026-10-05T03:43:49.215687+00:00,12.0,0.088,0.5985,1.16,1.92,3.9,CK POWER PUBLIC COMPANY LIMITED,SET,Resources,Energy & Utilities
IRC,3.73,0.493,13.2,38.04,5.0,2026-02-10,0.493,3.67,0.06,4.48,3.6,2026-10-05T03:45:23.740610+00:00,10.0,0.493,6.712,5.67,-11.03,-7.08,INOUE RUBBER (THAILAND) PUBLIC COMPANY LIMITED,SET,Industrials,Automotive
TNP,3.72,0.108,2.8,39.09,5.0,2026-08-25,0.0525,2.55,1.17,4.12,3.25,2026-10-05T03:50:18.384279+00:00,11.0,0.1075,0.7175,7.1,4.81,13.61,THANAPIRIYA PUBLIC COMPANY LIMITED,mai,Services,
THAI,3.68,0.21,5.65,28.93,5.0,2026-04-24,0.21,1.85,1.83,4.0,1.58,2026-10-05T03:49:55.736640+00:00,1.0,0.21,13.61,-44.82,-37.77,-17.85,THAI AIRWAYS INTERNATIONAL PUBLIC COMPANY LIMITED,SET,Services,Transportation & Logistics
BLA,3.61,0.89,22.7,20.24,5.0,2026-08-24,0.41,1.9,1.71,5.14,3.24,2026-10-05T03:43:17.360424+00:00,18.0,0.89,6.1508,30.55,0.23,1.73,BANGKOK LIFE ASSURANCE PUBLIC COMPANY LIMITED,SET,Financials,Insurance
NTF,3.61,0.0,12.8,6.74,5.0,2026-05-07,0.1145,,,0.0,0.0,2026-10-05T03:47:04.137557+00:00,,,,,,,NTF INTERGROUP (THAILAND) PUBLIC COMPANY LIMITED,mai,Agro & Food Industry,
TC,3.61,0.3,8.3,37.54,5.0,2026-05-07,0.3,2.53,1.08,6.12,3.59,2026-10-05T03:49:43.599963+00:00,27.0,0.3,2.02,44.22,14.87,11.61,TROPICAL CANNING (THAILAND) PUBLIC COMPANY LIMITED,SET,Agro & Food Industry,Food & Beverage
CCP,3.57,0.01,0.28,29.17,5.0,2026-05-07,0.01,3.52,0.05,4.76,3.33,2026-10-05T03:43:35.414393+00:00,3.0,0.01,0.1303,0.0,-12.94,15.75,CHONBURI CONCRETE PRODUCT PUBLIC COMPANY LIMITED,SET,Property & Construction,Construction Materials
SANKO,3.45,0.04,1.15,17.65,5.0,2026-05-08,0.04,0.43,3.02,5.13,2.55,2026-10-05T03:48:24.009751+00:00,5.0,0.04,0.2638,0.0,93.86,,SANKO DIECASTING (THAILAND) PUBLIC COMPANY LIMITED,mai,Industrial,
SGP,3.41,0.3,8.65,8.08,5.0,2026-08-24,0.2,4.34,-0.93,4.8,3.11,2026-10-05T03:48:46.182726+00:00,19.0,0.3,4.625,0.0,-21.4,-3.42,SIAMGAS AND PETROCHEMICALS PUBLIC COMPANY LIMITED,SET,Resources,Energy & Utilities
TPIPL,3.41,0.03,0.87,22.64,5.0,2026-03-11,0.03,5.31,-1.9,4.62,2.88,2026-10-05T03:50:27.477083+00:00,17.0,0.03,0.55,-30.66,-19.73,4.14,TPI POLENE PUBLIC COMPANY LIMITED,SET,Property & Construction,Construction Materials
JUBILE,3.4,0.27,7.55,36.58,5.0,2026-08-27,0.13,3.12,0.28,4.22,3.31,2026-10-05T03:45:38.562073+00:00,18.0,0.27,5.59,-15.02,-18.48,-7.2,JUBILEE ENTERPRISE PUBLIC COMPANY LIMITED,mai,Consumer Products,
MAJOR,3.38,0.25,7.3,32.58,5.0,2026-04-17,0.25,2.86,0.52,4.0,3.01,2026-10-05T03:46:13.807518+00:00,24.0,0.25,7.15,18.56,-16.06,-14.87,MAJOR CINEPLEX GROUP PUBLIC COMPANY LIMITED,SET,Services,Media & Publishing
BAY,3.36,1.5,36.0,29.21,5.0,2026-09-09,0.6,2.99,0.37,6.38,3.16,2026-10-05T03:42:56.884767+00:00,22.0,1.5,8.65,20.84,12.03,5.84,BANK OF AYUDHYA PUBLIC COMPANY LIMITED,SET,Financials,Banking
TOPP,3.36,0.0,131.5,17.43,5.0,2026-05-07,4.42,3.07,0.29,0.0,0.0,2026-10-05T03:50:23.664860+00:00,27.0,4.42,51.36,-12.86,1.76,-1.52,THAI O.P.P. PUBLIC COMPANY LIMITED,SET,Industrials,Packaging
BIG,3.33,0.01,0.29,37.07,5.0,2026-03-17,0.01,5.53,-2.2,3.7,2.63,2026-10-05T03:43:10.979970+00:00,4.0,0.01,0.5625,-12.64,-19.73,-16.74,BIG CAMERA CORPORATION PUBLIC COMPANY LIMITED,SET,Services,Commerce
MTW,3.31,0.03,0.91,,5.0,2025-12-30,0.0301,,,4.84,2.33,2026-10-05T03:46:47.941952+00:00,,,,,,,MAKE TO WIN HOLDING PUBLIC COMPANY LIMITED,mai,Industrial,
EPG,3.28,0.2,6.15,28.6,5.0,2026-08-03,0.13,3.81,-0.53,7.25,2.99,2026-10-05T03:44:32.054607+00:00,12.0,0.13,2.26,-6.69,-15.4,-6.33,EASTERN POLYMER GROUP PUBLIC COMPANY LIMITED,SET,Property & Construction,Construction Materials
PIS,3.28,0.2,6.1,38.89,5.0,2026-05-06,0.2,,,6.8,3.23,2026-10-05T03:47:29.567996+00:00,,,,,,,Pro Inside Public Company Limited,mai,Technology,
SAWAD,3.26,0.7,21.9,21.6,5.0,2026-10-06,0.35,0.14,3.12,3.52,2.26,2026-10-05T03:48:27.593140+00:00,12.0,0.35,6.3885,222.29,-25.13,59.47,SRISAWAD CORPORATION PUBLIC COMPANY LIMITED,SET,Financials,Finance & Securities
INET,3.25,0.126,3.86,24.34,5.0,2026-04-29,0.126,1.69,1.56,3.89,2.8,2026-10-05T03:45:20.189736+00:00,5.0,0.126,0.8821,2.79,24.57,18.12,INTERNET THAILAND PUBLIC COMPANY LIMITED,SET,Technology,Information & Communication Technology
SVT,3.25,0.05,1.55,37.91,5.0,2026-03-13,0.05,1.93,1.32,4.42,2.94,2026-10-05T03:49:34.261456+00:00,5.0,0.05,0.22,12.62,4.56,,SUN VENDING TECHNOLOGY PUBLIC COMPANY LIMITED,SET,Services,Commerce
MOTHER,3.24,0.034,1.05,36.21,5.0,2026-05-05,0.034,,,3.43,2.17,2026-10-05T03:46:43.749948+00:00,,,,,,,Mother Marketing Public Company Limited,mai,Services,
KDH,3.2,2.7,84.5,33.3,5.0,2026-03-05,2.7,1.84,1.36,3.54,3.01,2026-10-05T03:45:46.976705+00:00,4.0,2.7,16.4304,10.52,6.61,10.66,THONBURI MEDICAL CENTRE PUBLIC COMPANY LIMITED,SET,Services,Health Care Services
TSTH,3.19,0.03,0.94,14.05,5.0,2026-05-21,0.03,,,4.84,2.68,2026-10-05T03:50:42.990616+00:00,1.0,0.03,0.216,-15.66,0.0,,TATA STEEL (THAILAND) PUBLIC COMPANY LIMITED,SET,Industrials,Steel and Metal Products
VL,3.16,0.015,0.79,29.89,5.0,2026-08-24,0.01,2.41,0.75,2.5,1.67,2026-10-05T03:51:09.058000+00:00,3.0,0.025,0.275,-17.79,-16.06,,V.L. ENTERPRISE PUBLIC COMPANY LIMITED,mai,Services,
BWG,3.13,0.008,0.23,9.47,5.0,2026-05-15,0.0075,2.62,0.51,4.0,2.05,2026-10-05T03:43:32.144610+00:00,1.0,0.0075,0.2265,-36.29,-28.45,6.57,BETTER WORLD GREEN PUBLIC COMPANY LIMITED,SET,Services,Professional Services
MRDIYT,3.11,0.084,8.4,35.39,5.0,2026-08-20,0.065,,,1.2,0.69,2026-10-05T03:46:44.485182+00:00,2.0,0.185,0.235,,,,MR. D.I.Y. HOLDING (THAILAND) PUBLIC COMPANY LIMITED,SET,Services,Commerce
ROCTEC,3.07,0.018,0.59,28.69,5.0,2026-08-03,0.0184,2.12,0.95,3.6,2.28,2026-10-05T03:48:10.657776+00:00,3.0,0.0184,0.2489,12.28,-7.89,-1.83,ROCTEC GLOBAL PUBLIC COMPANY LIMITED,SET,Technology,Information & Communication Technology
TNL,3.03,0.6,19.8,38.96,5.0,2026-03-10,0.6,0.88,2.15,3.28,2.07,2026-10-05T03:50:17.857686+00:00,14.0,0.6,4.9064,25.99,3.8,-3.38,THANULUX PUBLIC COMPANY LIMITED,SET,Financials,Finance & Securities
STECON,3.02,0.55,18.3,35.35,5.0,2026-03-09,0.55,,,10.48,2.75,2026-10-05T03:49:25.184037+00:00,,,,,,,STECON GROUP PUBLIC COMPANY LIMITED,SET,Property & Construction,Construction Services
BJC,3.01,0.53,17.6,36.37,5.0,2026-08-27,0.17,2.75,0.26,4.14,2.59,2026-10-05T03:43:13.663570+00:00,27.0,0.53,7.02,-12.82,-4.29,0.0,BERLI JUCKER PUBLIC COMPANY LIMITED,SET,Services,Commerce
CNT,3.01,0.05,3.18,23.47,5.0,2026-08-28,0.05,3.01,0.0,5.15,1.4,2026-10-05T03:43:53.002870+00:00,2.0,0.1,1.09,25.99,14.87,-10.4,CHRISTIANI & NIELSEN (THAI) PUBLIC COMPANY LIMITED,SET,Property & Construction,Construction Services
BBGI,2.96,0.35,6.75,23.53,5.0,2026-10-06,0.2,1.74,1.22,13.26,5.11,2026-10-05T03:42:58.394469+00:00,5.0,0.15,0.55,44.22,-5.59,,BBGI PUBLIC COMPANY LIMITED,SET,Resources,Energy & Utilities
ORN,2.82,0.02,0.71,11.41,5.0,2026-05-05,0.02,,,3.39,2.08,2026-10-05T03:47:13.562428+00:00,3.0,0.02,0.09,-26.32,,,ORNSIRIN HOLDING PUBLIC COMPANY LIMITED,SET,Property & Construction,Property Development
KUMWEL,2.78,0.06,2.14,26.58,5.0,2026-05-07,0.06,3.36,-0.58,6.06,2.0,2026-10-05T03:45:57.348488+00:00,7.0,0.06,0.46,6.27,0.0,,KUMWELL CORPORATION PUBLIC COMPANY LIMITED,mai,Industrial,
RPC,2.78,0.01,0.36,,5.0,2026-04-29,0.01,8.21,-5.43,3.85,1.92,2026-10-05T03:48:13.296950+00:00,3.0,0.01,1.9724,-37.0,-58.72,-28.71,RPCG PUBLIC COMPANY LIMITED,SET,Resources,Energy & Utilities
GLOBAL,2.77,0.0,6.55,39.98,5.0,2026-02-24,0.184115,1.49,1.28,0.0,0.0,2026-10-05T03:44:52.820758+00:00,17.0,0.1841,1.6697,4.36,-3.36,5.47,SIAM GLOBAL HOUSE PUBLIC COMPANY LIMITED,SET,Services,Commerce
TRT,2.71,0.46,11.8,33.42,5.0,2026-08-14,0.17,2.4,0.31,14.94,2.91,2026-10-05T03:50:36.388594+00:00,3.0,0.46,1.83,10.6,87.22,9.24,TIRATHAI PUBLIC COMPANY LIMITED,mai,Industrial,
EAST,2.63,0.02,0.76,19.03,5.0,2026-03-13,0.02,3.74,-1.11,3.51,2.22,2026-10-05T03:44:26.500801+00:00,1.0,0.02,0.68,-37.0,-27.52,-13.96,EASTERN COMMERCIAL LEASING PUBLIC COMPANY LIMITED,SET,Financials,Finance & Securities
AWC,2.55,0.08,3.12,39.66,5.0,2026-05-07,0.08,0.58,1.97,4.21,2.4,2026-10-05T03:42:51.725489+00:00,5.0,0.08,0.2603,16.96,49.37,,ASSET WORLD CORP PUBLIC COMPANY LIMITED,SET,Property & Construction,Property Development
BBIK,2.55,0.48,18.8,26.98,5.0,2026-04-29,0.48,0.61,1.94,3.75,1.98,2026-10-05T03:42:58.810502+00:00,5.0,0.48,1.5034,7.96,18.65,,BLUEBIK GROUP PUBLIC COMPANY LIMITED,SET,Technology,Information & Communication Technology
FORTH,2.54,0.21,14.0,18.89,5.0,2026-08-28,0.15,1.78,0.76,3.85,1.11,2026-10-05T03:44:41.072375+00:00,1.0,0.36,4.17,-16.57,0.57,0.57,FORTH CORPORATION PUBLIC COMPANY LIMITED,SET,Technology,Information & Communication Technology
PPM,2.53,0.05,1.99,13.5,5.0,2026-05-11,0.05,1.36,1.17,4.59,2.16,2026-10-05T03:47:39.495070+00:00,22.0,0.05,0.352,-4.83,8.67,3.63,PORN PROM METAL PUBLIC COMPANY LIMITED,mai,Industrial,
SAMCO,2.5,0.02,0.8,10.29,5.0,2026-04-29,0.02,3.03,-0.53,3.23,1.92,2026-10-05T03:48:22.946894+00:00,1.0,0.02,0.5504,-41.52,-7.79,-15.69,SAMMAKORN PUBLIC COMPANY LIMITED,SET,Property & Construction,Property Development
STECH,2.45,0.04,1.61,14.54,5.0,2026-03-12,0.04,,,4.26,2.27,2026-10-05T03:49:24.781825+00:00,2.0,0.04,0.15,15.44,,,SIAM TECHNIC CONCRETE PUBLIC COMPANY LIMITED,SET,Property & Construction,Construction Materials
GRAMMY,2.35,0.05,4.26,,5.0,2026-08-27,0.05,5.5,-3.15,1.97,1.0,2026-10-05T03:44:55.611060+00:00,1.0,0.05,5.5082,-20.63,-40.54,-24.16,GMM GRAMMY PUBLIC COMPANY LIMITED,SET,Services,Media & Publishing
TKC,2.35,0.2,8.6,33.14,5.0,2026-05-05,0.2,1.89,0.46,2.78,1.75,2026-10-05T03:50:06.331315+00:00,5.0,0.2,1.45,10.06,-16.74,,TURNKEY COMMUNICATION SERVICES PUBLIC COMPANY LIMITED,SET,Technology,Information & Communication Technology
BLAND,2.31,0.013,0.53,22.72,5.0,2026-07-27,0.0125,2.39,-0.08,3.25,1.69,2026-10-05T03:43:17.975484+00:00,3.0,0.0125,0.4825,7.72,-16.06,-15.83,BANGKOK LAND PUBLIC COMPANY LIMITED,SET,Property & Construction,Property Development
CK,2.21,0.45,18.0,22.9,5.0,2026-08-27,0.2,1.51,0.7,4.05,2.17,2026-10-05T03:43:47.580156+00:00,22.0,0.45,3.6,14.47,2.38,-1.05,CH. KARNCHANG PUBLIC COMPANY LIMITED,SET,Property & Construction,Construction Services
CPT,2.19,0.025,1.16,27.53,5.0,2026-03-10,0.025,,,3.12,1.87,2026-10-05T03:44:03.779604+00:00,3.0,0.025,0.247,0.0,15.81,,CPT DRIVES AND POWER PUBLIC COMPANY LIMITED,SET,Industrials,Industrial Materials & Machinery
BKGI,2.16,0.05,2.32,31.51,5.0,2026-05-06,0.05,,,4.17,2.02,2026-10-05T03:43:16.390258+00:00,2.0,0.05,0.1,,,,Bangkok Genomics Innovation Public Company Limited,SET,Services,Health Care Services
MICRO,2.05,0.027,1.31,27.9,5.0,2026-04-30,0.027,,,3.55,1.56,2026-10-05T03:46:31.438302+00:00,1.0,0.027,0.195,-29.48,,,MICRO LEASING PUBLIC COMPANY LIMITED,SET,Financials,Finance & Securities
SENX,2.04,0.005,0.22,34.81,5.0,2026-05-12,0.0047,1.93,0.11,2.63,1.56,2026-10-05T03:48:42.821156+00:00,3.0,0.0047,0.2287,-17.23,-14.02,,SEN X PUBLIC COMPANY LIMITED,mai,Property & Construction,
SALEE,2.03,0.012,0.59,34.37,5.0,2026-04-29,0.012,2.85,-0.82,3.64,1.67,2026-10-05T03:48:20.431096+00:00,5.0,0.012,0.3115,-30.01,-4.36,-18.02,SALEE INDUSTRY PUBLIC COMPANY LIMITED,mai,Industrial,
TMI,2.0,0.01,0.5,22.95,5.0,2026-03-10,0.01,0.6,1.4,2.27,1.56,2026-10-05T03:50:13.722095+00:00,4.0,0.01,0.1781,-30.66,10.76,-13.54,TEERA-MONGKOL INDUSTRY PUBLIC COMPANY LIMITED,mai,Industrial,
ERW,1.97,0.07,3.56,39.0,5.0,2026-03-10,0.07,1.33,0.64,3.47,1.78,2026-10-05T03:44:32.682319+00:00,3.0,0.07,0.5776,0.0,3.92,-3.23,THE ERAWAN GROUP PUBLIC COMPANY LIMITED,SET,Services,Tourism & Leisure
ONSENS,1.96,0.019,0.97,36.08,5.0,2026-03-13,0.019,,,1.98,0.95,2026-10-05T03:47:11.114356+00:00,,,,,,,Onsen Retreat and Spa Group Public Company Limited,SET,Services,Tourism & Leisure
NDR,1.94,0.035,1.8,31.65,5.0,2026-03-12,0.035,1.58,0.36,3.5,1.47,2026-10-05T03:46:54.039159+00:00,1.0,0.035,0.449,20.51,-6.89,-7.71,N.D. RUBBER PUBLIC COMPANY LIMITED,mai,Industrial,
NPK,1.94,0.25,12.9,25.63,5.0,2026-05-05,0.25,1.05,0.89,2.16,1.25,2026-10-05T03:47:02.061608+00:00,1.0,0.25,2.24,7.72,0.0,-1.81,NEW PLUS KNITTING PUBLIC COMPANY LIMITED,mai,Consumer Products,
TNH,1.93,0.55,28.5,34.14,5.0,2026-12-08,0.55,1.67,0.26,1.98,1.58,2026-10-05T03:50:17.063361+00:00,20.0,0.6,5.75,0.0,3.71,-0.8,THAI NAKARIN HOSPITAL PUBLIC COMPANY LIMITED,mai,Services,
INSET,1.92,0.04,4.68,26.67,5.0,2026-08-25,0.05,2.65,-0.73,2.67,0.77,2026-10-05T03:45:22.403160+00:00,8.0,0.09,0.7719,21.64,-15.59,,INFRASET PUBLIC COMPANY LIMITED,SET,Technology,Information & Communication Technology
PMC,1.91,0.017,0.99,11.0,5.0,2026-05-06,0.018314,,,2.29,1.59,2026-10-05T03:47:36.155927+00:00,2.0,0.0183,0.0211,,,,PMC Label Materials Public Company Limited,mai,Industrial,
MENA,1.88,0.015,0.81,16.4,5.0,2026-05-07,0.015,2.12,-0.24,2.54,1.61,2026-10-05T03:46:25.371623+00:00,5.0,0.015,0.135,-20.63,-12.94,,MENA TRANSPORT PUBLIC COMPANY LIMITED,SET,Services,Transportation & Logistics
CRC,1.78,0.53,29.5,39.76,5.0,2026-04-21,1.11,1.32,0.46,3.21,1.71,2026-10-05T03:44:04.873658+00:00,6.0,1.11,4.14,26.37,29.91,,CENTRAL RETAIL CORPORATION PUBLIC COMPANY LIMITED,SET,Services,Commerce
GFPT,1.77,0.0,11.2,11.05,5.0,2026-03-04,0.2,1.32,0.45,0.0,0.0,2026-10-05T03:44:50.713803+00:00,13.0,0.2,2.1,10.06,14.87,-3.97,GFPT PUBLIC COMPANY LIMITED,SET,Agro & Food Industry,Agribusiness
GULF,1.77,1.4,59.5,,5.0,2026-03-02,3.25,,,3.52,2.04,2026-10-05T03:44:58.965849+00:00,,,,,,,GULF DEVELOPMENT PUBLIC COMPANY LIMITED,SET,Resources,Energy & Utilities
NEW,1.73,1.6,92.75,39.41,5.0,2026-05-05,1.6,1.21,0.52,1.99,1.23,2026-10-05T03:46:57.127885+00:00,5.0,1.6,12.65,-11.39,35.52,12.33,WATTANA KARNPAET PUBLIC COMPANY LIMITED,SET,Services,Health Care Services
SKY,1.73,0.3,17.2,26.55,5.0,2026-05-07,0.3,,,3.06,1.48,2026-10-05T03:48:57.034765+00:00,1.0,0.3,0.3712,105.22,,,SKY ICT PUBLIC COMPANY LIMITED,SET,Technology,Information & Communication Technology
IRPC,1.72,0.01,2.88,1.9,5.0,2026-09-09,0.04,1.52,0.2,1.04,0.31,2026-10-05T03:45:26.048815+00:00,20.0,0.05,1.25,18.56,-22.6,-14.15,IRPC PUBLIC COMPANY LIMITED,SET,Resources,Energy & Utilities
BCT,1.71,1.0,58.5,13.12,5.0,2026-06-05,1.0,2.15,-0.44,2.4,1.67,2026-10-05T03:43:03.066671+00:00,27.0,1.0,11.35,-10.61,-9.53,2.26,BIRLA CARBON (THAILAND) PUBLIC COMPANY LIMITED,SET,Industrials,Petrochemicals & Chemicals
TSTE,1.67,0.08,9.6,35.14,5.0,2026-03-18,0.08,1.43,0.24,0.89,0.58,2026-10-05T03:50:41.377743+00:00,16.0,0.08,1.405,-7.17,-16.74,2.92,TSTE PUBLIC COMPANY LIMITED,SET,Services,Transportation & Logistics
PTL,1.66,0.12,14.5,26.35,5.0,2026-08-10,0.12,3.39,-1.73,1.6,0.79,2026-10-05T03:47:56.556807+00:00,10.0,0.12,6.11,-32.49,-38.19,-13.96,POLYPLEX (THAILAND) PUBLIC COMPANY LIMITED,SET,Industrials,Packaging
BUI,1.63,0.182,12.3,9.06,5.0,2026-03-13,0.2,2.65,-1.02,1.82,1.43,2026-10-05T03:43:30.129214+00:00,7.0,0.2,5.0468,-6.37,-19.48,2.42,BANGKOK UNION INSURANCE PUBLIC COMPANY LIMITED,SET,Financials,Insurance
SYMC,1.61,0.097,6.05,31.77,5.0,2026-03-13,0.0973,1.47,0.14,3.23,1.36,2026-10-05T03:49:35.445217+00:00,8.0,0.0973,1.0432,-12.63,5.34,-12.2,SYMPHONY COMMUNICATION PUBLIC COMPANY LIMITED,SET,Technology,Information & Communication Technology
KK,1.56,0.015,0.96,8.91,5.0,2026-03-10,0.015,1.11,0.45,2.0,1.18,2026-10-05T03:45:50.923882+00:00,6.0,0.015,0.1286,0.0,-5.59,,K&K SUPERSTORE SOUTHERN PUBLIC COMPANY LIMITED,mai,Services,
CENTEL,1.53,0.67,43.0,26.22,5.0,2026-05-06,0.67,1.49,0.04,2.33,1.47,2026-10-05T03:43:36.280451+00:00,3.0,0.67,5.08,16.84,2.23,8.37,CENTRAL PLAZA HOTEL PUBLIC COMPANY LIMITED,SET,Services,Tourism & Leisure
PLAT,1.53,0.02,1.32,11.63,5.0,2026-03-10,0.02,3.34,-1.81,2.0,1.34,2026-10-05T03:47:33.199039+00:00,1.0,0.02,1.0195,-53.58,-35.56,,THE PLATINUM GROUP PUBLIC COMPANY LIMITED,SET,Property & Construction,Property Development
STI,1.51,0.026,1.72,26.82,5.0,2026-02-03,0.026,1.63,-0.12,1.71,1.2,2026-10-05T03:49:27.324454+00:00,8.0,0.026,0.7202,-36.17,-3.37,,STONEHENGE INTER PUBLIC COMPANY LIMITED,SET,Property & Construction,Construction Services
TIPCO,1.49,0.1,6.65,16.67,5.0,2026-03-06,0.1,4.09,-2.6,1.69,1.2,2026-10-05T03:50:02.455011+00:00,11.0,0.1,5.12,-45.86,-33.52,-13.16,TIPCO FOODS PUBLIC COMPANY LIMITED,SET,Agro & Food Industry,Food & Beverage
IP,1.48,0.073,4.9,32.05,5.0,2026-05-06,0.073,,,2.12,1.29,2026-10-05T03:45:23.173704+00:00,1.0,0.073,0.3138,-12.98,-2.03,,INTER PHARMA PUBLIC COMPANY LIMITED,SET,Consumer Products,Personal Products & Pharmaceuticals
STC,1.41,0.01,0.71,32.55,5.0,2026-03-13,0.01,,,3.85,1.33,2026-10-05T03:49:24.313936+00:00,2.0,0.01,0.1685,-26.32,-36.9,,STC CONCRETE PRODUCT PUBLIC COMPANY LIMITED,mai,Property & Construction,
NCAP,1.3,0.041,3.16,8.49,5.0,2026-03-04,0.0411,,,1.9,0.94,2026-10-05T03:46:52.420650+00:00,2.0,0.0411,0.0633,,,,NEXT CAPITAL PUBLIC COMPANY LIMITED,SET,Financials,Finance & Securities
PAF,1.27,0.01,0.81,22.42,5.0,2026-05-07,0.01,0.86,0.41,1.72,0.85,2026-10-05T03:47:15.982648+00:00,1.0,0.01,1.1032,-0.66,-7.79,-32.38,PAN ASIA FOOTWEAR PUBLIC COMPANY LIMITED,SET,Consumer Products,Fashion
CTW,1.21,0.08,6.7,11.77,5.0,2026-03-12,0.08,1.5,-0.29,3.12,1.07,2026-10-05T03:44:10.990287+00:00,2.0,0.08,2.28,16.96,-29.21,-8.76,CHAROONG THAI WIRE & CABLE PUBLIC COMPANY LIMITED,SET,Industrials,Industrial Materials & Machinery
WPH,1.2,0.081,6.0,15.09,5.0,2026-03-11,0.073,0.14,1.06,1.56,1.03,2026-10-05T03:51:24.131558+00:00,9.0,0.073,0.5262,-8.17,-4.61,,WATTANAPAT HOSPITAL TRANG PUBLIC COMPANY LIMITED,SET,Services,Health Care Services
MANRIN,1.19,0.25,21.0,16.92,5.0,2026-05-05,0.25,7.31,-6.12,1.24,0.93,2026-10-05T03:46:14.657113+00:00,1.0,0.25,10.5586,-20.63,-33.26,-18.72,THE MANDARIN HOTEL PUBLIC COMPANY LIMITED,SET,Services,Tourism & Leisure
SHANG,1.17,1.0,43.0,18.29,5.0,2026-05-07,0.5,2.98,-1.81,2.63,1.85,2026-10-05T03:48:46.743149+00:00,3.0,0.5,15.5,-20.63,-25.98,-13.96,SHANGRI-LA HOTEL PUBLIC COMPANY LIMITED,SET,Services,Tourism & Leisure
SPI,1.14,0.4,35.0,25.61,5.0,2026-05-06,0.2,1.07,0.07,1.53,1.0,2026-10-05T03:49:12.499266+00:00,27.0,0.2,3.0,-17.45,-10.87,0.0,SAHA PATHANA INTER-HOLDING PUBLIC COMPANY LIMITED,SET,Services,Commerce
UKEM,1.12,0.015,1.35,4.49,5.0,2026-04-17,0.015,1.89,-0.77,2.83,0.84,2026-10-05T03:50:57.554742+00:00,21.0,0.015,0.3232,14.47,-33.11,-6.7,UNION PETROCHEMICAL PUBLIC COMPANY LIMITED,mai,Industrial,
SELIC,1.11,0.034,3.14,11.54,5.0,2026-05-06,0.03522,0.56,0.55,1.45,1.04,2026-10-05T03:48:40.780700+00:00,10.0,0.0352,0.2314,3.94,48.06,1.89,SELIC CORP PUBLIC COMPANY LIMITED,SET,Industrials,Industrial Materials & Machinery
BR,1.08,0.02,1.84,10.53,5.0,2026-04-24,0.02,4.52,-3.44,1.3,0.96,2026-10-05T03:43:23.589844+00:00,2.0,0.02,14.989,-43.35,-36.9,-39.41,BANGKOK RANCH PUBLIC COMPANY LIMITED,SET,Agro & Food Industry,Food & Beverage
MTC,1.05,0.29,27.5,8.51,5.0,2026-04-28,0.29,0.77,0.28,1.08,0.68,2026-10-05T03:46:47.082477+00:00,12.0,0.29,3.28,11.36,-4.76,11.23,MUANGTHAI CAPITAL PUBLIC COMPANY LIMITED,SET,Financials,Finance & Securities
KTMS,0.99,0.013,1.31,10.8,5.0,2026-05-07,0.013,,,1.15,0.59,2026-10-05T03:45:56.832196+00:00,4.0,0.013,0.083,-2.44,,,KT Medical Service Public Company Limited,mai,Services,
TGH,0.97,0.1,10.3,7.05,5.0,2026-04-30,0.1,,,1.09,0.81,2026-10-05T03:49:53.691929+00:00,1.0,0.1,0.7,,,,THAI GROUP HOLDINGS PUBLIC COMPANY LIMITED,SET,Financials,Insurance
WINMED,0.97,0.013,1.3,29.81,5.0,2026-03-16,0.0125,1.58,-0.61,1.88,0.86,2026-10-05T03:51:21.505068+00:00,5.0,0.0125,0.1887,-24.89,-28.09,,WINNERGY MEDICAL PUBLIC COMPANY LIMITED,mai,Consumer Products,
SICT,0.82,0.025,3.08,15.86,5.0,2026-05-05,0.025,0.44,0.38,1.14,0.71,2026-10-05T03:48:48.827394+00:00,6.0,0.025,0.2269,-10.61,-6.95,,SILICON CRAFT TECHNOLOGY PUBLIC COMPANY LIMITED,mai,Technology,
ACE,0.75,0.01,1.34,10.0,5.0,2026-03-26,0.01,,,0.79,0.66,2026-10-05T03:42:09.140068+00:00,1.0,0.01,0.078,-17.79,,,ABSOLUTE CLEAN ENERGY PUBLIC COMPANY LIMITED,SET,Resources,Energy & Utilities
PRINC,0.71,0.012,1.69,,5.0,2026-03-12,0.012,,,0.72,0.57,2026-10-05T03:47:47.782630+00:00,2.0,0.012,0.2894,-52.04,,,PRINCIPAL CAPITAL PUBLIC COMPANY LIMITED,SET,Services,Health Care Services
GBX,0.61,0.0,0.66,3.83,5.0,2026-03-09,0.004,3.14,-2.53,0.0,0.0,2026-10-05T03:44:47.414894+00:00,6.0,0.004,0.4188,-58.26,-48.46,-20.57,GLOBLEX HOLDING MANAGEMENT PUBLIC COMPANY LIMITED,SET,Financials,Finance & Securities
RAM,0.58,0.1,17.3,4.33,5.0,2026-03-25,0.1,1.31,-0.73,0.58,0.5,2026-10-05T03:48:04.371726+00:00,25.0,0.1,5.62,-48.91,-35.56,-4.59,RAMKHAMHAENG HOSPITAL PUBLIC COMPANY LIMITED,SET,Services,Health Care Services
TGE,0.3,0.003,1.07,3.99,5.0,2026-05-06,0.00319,,,0.36,0.19,2026-10-05T03:49:53.209563+00:00,4.0,0.0032,0.0115,7.05,,,THACHANG GREEN ENERGY PUBLIC COMPANY LIMITED,SET,Resources,Energy & Utilities
DELTA,0.23,0.6,266.0,25.05,5.0,2026-02-26,0.6,0.34,-0.11,0.39,0.16,2026-10-05T03:44:15.005025+00:00,27.0,0.6,3.34,10.06,28.69,7.18,DELTA ELECTRONICS (THAILAND) PUBLIC COMPANY LIMITED,SET,Technology,Electronic Components
EASTW,0.2,0.01,4.98,13.65,5.0,2026-05-05,0.01,1.08,-0.88,0.57,0.17,2026-10-05T03:44:27.061143+00:00,25.0,0.01,2.84,-44.97,-51.16,-32.38,EASTERN WATER RESOURCES DEVELOPMENT AND MANAGEMENT PCL.,SET,Resources,Energy & Utilities
DOHOME,0.12,0.004,3.66,2.07,5.0,2026-03-05,0.004444,0.07,0.05,0.13,0.09,2026-10-05T03:44:20.074681+00:00,7.0,0.0044,0.0568,-1.4,-24.7,,DOHOME PUBLIC COMPANY LIMITED,SET,Services,Commerce
INGRS,25.56,0.0,0.09,59.4,4.0,2025-12-29,0.023,,,0.0,0.0,2026-10-05T03:45:20.680272+00:00,2.0,0.023,0.175,-33.44,-2.42,,INGRESS INDUSTRIAL (THAILAND) PUBLIC COMPANY LIMITED,SET,Industrials,Automotive
BTNC,11.54,1.5,13.0,58.71,4.0,2026-04-09,1.5,2.14,9.4,13.89,6.85,2026-10-05T03:43:28.752570+00:00,2.0,1.5,6.05,115.44,24.57,7.18,BOUTIQUE NEWCITY PUBLIC COMPANY LIMITED,SET,Consumer Products,Fashion
SFLEX,10.49,0.22,3.2,48.83,4.0,2026-08-26,0.17,2.1,8.39,8.8,6.15,2026-10-05T03:48:43.259677+00:00,7.0,0.22,0.838,27.96,37.35,,STARFLEX PUBLIC COMPANY LIMITED,SET,Industrials,Packaging
METCO,10.03,30.0,298.0,57.63,4.0,2026-02-05,30.0,5.42,4.61,15.0,9.84,2026-10-05T03:46:27.573898+00:00,27.0,30.0,135.0,44.22,16.47,7.92,MURAMOTO ELECTRON (THAILAND) PUBLIC COMPANY LIMITED,SET,Technology,Electronic Components
GC,9.43,0.47,5.25,55.55,4.0,2026-08-24,0.25,7.11,2.32,12.11,7.97,2026-10-05T03:44:47.915310+00:00,21.0,0.47,3.0223,9.29,7.66,10.53,GLOBAL CONNECTIONS PUBLIC COMPANY LIMITED,SET,Industrials,Petrochemicals & Chemicals
SIRI,9.09,0.13,1.43,56.03,4.0,2026-08-27,0.05,7.47,1.62,10.08,8.12,2026-10-05T03:48:50.590823+00:00,23.0,0.13,1.18,-8.55,5.39,0.0,SANSIRI PUBLIC COMPANY LIMITED,SET,Property & Construction,Property Development
ASP,8.62,0.09,2.3,40.99,4.0,2026-08-27,0.11,6.7,1.92,4.57,3.46,2026-10-05T03:42:46.411737+00:00,21.0,0.2,2.1493,5.57,-5.83,-4.27,ASIA PLUS GROUP HOLDINGS PUBLIC COMPANY LIMITED,SET,Financials,Finance & Securities
FM,8.5,0.35,4.14,51.76,4.0,2026-08-31,0.15,,,9.89,7.74,2026-10-05T03:44:38.885867+00:00,3.0,0.35,0.85,32.64,,,FOOD MOMENTS PUBLIC COMPANY LIMITED,SET,Agro & Food Industry,Food & Beverage
ATLAS,8.43,0.15,1.79,51.93,4.0,2026-03-06,0.05,,,9.32,5.21,2026-10-05T03:42:48.465518+00:00,2.0,0.05,0.15,,,,Atlas Energy Public Company Limited,SET,Resources,Energy & Utilities
TEKA,8.11,0.15,1.84,45.94,4.0,2026-03-02,0.15,5.04,3.07,9.26,6.88,2026-10-05T03:49:49.405085+00:00,5.0,0.15,0.61,12.62,16.47,,TEKA CONSTRUCTION PUBLIC COMPANY LIMITED,SET,Property & Construction,Construction Services
MPJ,8.1,0.34,4.2,54.43,4.0,2026-04-28,0.34,,,10.0,7.39,2026-10-05T03:46:44.121020+00:00,2.0,0.34,0.64,,,,MPJ Logistics Public Company Limited,mai,Services,
SPREME,8.0,0.12,1.51,50.66,4.0,2026-04-28,0.12,,,8.89,6.86,2026-10-05T03:49:13.352407+00:00,2.0,0.12,0.23,,,,Supreme Distribution Public Company Limited,SET,Technology,Information & Communication Technology
SMPC,7.94,0.75,9.45,58.82,4.0,2026-08-24,0.45,6.67,1.27,8.62,7.21,2026-10-05T03:49:01.559884+00:00,13.0,0.75,6.85,7.13,-6.86,2.43,SAHAMITR PRESSURE CONTAINER PUBLIC COMPANY LIMITED,SET,Industrials,Packaging
NNCL,7.91,0.13,1.77,41.44,4.0,2026-08-26,0.07,6.05,1.86,9.63,6.91,2026-10-05T03:47:01.023084+00:00,10.0,0.13,1.017,5.73,3.4,13.39,NAVANAKORN PUBLIC COMPANY LIMITED,SET,Property & Construction,Property Development
SPALI,7.86,1.25,15.9,52.77,4.0,2026-08-25,0.55,6.95,0.91,8.45,6.58,2026-10-05T03:49:09.059763+00:00,23.0,1.25,10.95,-2.53,-2.92,8.56,SUPALAI PUBLIC COMPANY LIMITED,SET,Property & Construction,Property Development
SCL,7.8,0.092,1.76,42.01,4.0,2026-08-24,0.046,,,8.36,4.77,2026-10-05T03:48:34.404064+00:00,3.0,0.138,0.258,51.1,,,S.C.L. Motor Part Public Company Limited,mai,Industrial,
TPP,7.63,1.0,13.0,51.93,4.0,2026-03-13,1.0,3.4,4.23,10.0,7.14,2026-10-05T03:50:30.400128+00:00,14.0,1.0,6.03,65.65,0.0,12.79,THAI PACKAGING & PRINTING PUBLIC COMPANY LIMITED,SET,Industrials,Packaging
TLI,7.59,0.85,11.1,57.35,4.0,2026-08-28,0.25,,,9.44,6.97,2026-10-05T03:50:10.611433+00:00,4.0,0.85,2.65,-5.27,,,THAI LIFE INSURANCE PUBLIC COMPANY LIMITED,SET,Financials,Insurance
SSSC,7.3,0.165,2.26,50.54,4.0,2026-05-07,0.165,6.77,0.53,8.17,6.99,2026-10-05T03:49:19.582297+00:00,21.0,0.165,1.788,-9.42,-6.43,-2.84,SIAM STEEL SERVICE CENTER PUBLIC COMPANY LIMITED,SET,Industrials,Steel and Metal Products
KCG,6.87,0.51,9.95,50.52,4.0,2026-08-26,0.17,,,6.58,4.59,2026-10-05T03:45:45.010090+00:00,3.0,0.68,1.39,31.36,,,KCG CORPORATION PUBLIC COMPANY LIMITED,SET,Agro & Food Industry,Food & Beverage
NER,6.77,0.31,4.56,40.56,4.0,2026-08-20,0.05,6.44,0.33,7.6,5.74,2026-10-05T03:46:56.128144+00:00,8.0,0.31,2.35,-3.03,-6.33,,NORTH EAST RUBBER PUBLIC COMPANY LIMITED,SET,Agro & Food Industry,Agribusiness
PTT,6.75,2.6,41.5,48.54,4.0,2026-10-07,1.4,5.81,0.94,8.67,5.94,2026-10-05T03:47:57.141398+00:00,25.0,1.4,18.4,-11.21,-7.79,-2.48,PTT PUBLIC COMPANY LIMITED,SET,Resources,Energy & Utilities
ADVICE,6.72,0.415,6.8,56.93,4.0,2026-08-27,0.23,,,8.79,5.39,2026-10-05T03:42:12.684633+00:00,3.0,0.415,0.975,23.56,,,Advice IT Infinite Public Company Limited,SET,Services,Commerce
KCAR,6.67,0.3,4.8,53.93,4.0,2026-08-26,0.16,5.34,1.33,6.47,5.22,2026-10-05T03:45:43.584420+00:00,21.0,0.3,5.69,16.45,-7.79,-13.16,KRUNGTHAI CAR RENT AND LEASE PUBLIC COMPANY LIMITED,SET,Financials,Finance & Securities
QH,6.62,0.07,1.36,51.13,4.0,2026-08-26,0.02,6.17,0.45,5.79,4.58,2026-10-05T03:48:00.735592+00:00,24.0,0.09,1.43,-11.54,-3.93,-4.98,QUALITY HOUSES PUBLIC COMPANY LIMITED,SET,Property & Construction,Property Development
KGI,6.6,0.31,4.7,50.48,4.0,2026-04-20,0.31,7.19,-0.59,8.29,5.9,2026-10-05T03:45:47.753756+00:00,20.0,0.31,3.511,0.0,-10.83,-2.02,KGI SECURITIES (THAILAND) PUBLIC COMPANY LIMITED,SET,Financials,Finance & Securities
AEONTS,6.52,5.5,90.5,44.03,4.0,2026-04-27,2.95,3.72,2.8,6.36,4.58,2026-10-05T03:42:14.620829+00:00,25.0,2.95,47.05,-18.75,-10.72,-1.55,AEON THANA SINSAP (THAILAND) PUBLIC COMPANY LIMITED,SET,Financials,Finance & Securities
APP,6.46,0.23,3.56,56.13,4.0,2026-05-07,0.23,5.8,0.66,11.39,6.25,2026-10-05T03:42:37.218110+00:00,7.0,0.23,1.1,15.31,2.83,,APPLICAD PUBLIC COMPANY LIMITED,mai,Technology,
TU,6.45,0.75,12.4,57.53,4.0,2026-08-14,0.4,5.0,1.45,7.21,5.32,2026-10-05T03:50:48.993266+00:00,27.0,0.75,6.65,10.89,-3.58,1.76,THAI UNION GROUP PUBLIC COMPANY LIMITED,SET,Agro & Food Industry,Food & Beverage
SAK,6.37,0.2,3.1,47.25,4.0,2026-04-29,0.2,2.47,3.9,6.71,5.0,2026-10-05T03:48:19.798432+00:00,6.0,0.2,0.891,10.06,11.51,,SAKSIAM LEASING PUBLIC COMPANY LIMITED,SET,Financials,Finance & Securities
EASON,6.35,0.08,1.26,42.22,4.0,2026-04-29,0.08,4.62,1.73,7.77,6.2,2026-10-05T03:44:25.885686+00:00,5.0,0.08,0.6299,16.96,14.87,-1.08,EASON & CO PUBLIC COMPANY LIMITED,SET,Industrials,Automotive
PTTEP,6.27,0.287,145.5,50.2,4.0,2026-08-14,4.5,5.55,0.72,0.28,0.17,2026-10-05T03:47:57.798560+00:00,27.0,9.15,68.625,-2.09,4.77,8.63,PTT EXPLORATION AND PRODUCTION PUBLIC COMPANY LIMITED,SET,Resources,Energy & Utilities
TIDLOR,6.24,0.34,16.6,53.47,4.0,2026-06-02,0.69,,,2.46,1.51,2026-10-05T03:50:00.807421+00:00,2.0,0.69,1.03,,,,TIDLOR HOLDINGS PUBLIC COMPANY LIMITED,SET,Financials,Finance & Securities
III,6.22,0.15,4.84,43.54,4.0,2026-04-28,0.15,3.81,2.41,4.03,2.73,2026-10-05T03:45:16.394990+00:00,9.0,0.15,2.4216,-20.63,-19.6,,TRIPLE I LOGISTICS PUBLIC COMPANY LIMITED,SET,Services,Transportation & Logistics
BCPG,6.2,0.25,6.35,47.0,4.0,2026-09-09,0.15,3.58,2.62,4.72,2.6,2026-10-05T03:43:02.524289+00:00,11.0,0.4,4.0601,16.96,1.57,-3.84,BCPG PUBLIC COMPANY LIMITED,SET,Resources,Energy & Utilities
TPBI,6.12,0.23,3.74,42.92,4.0,2026-05-05,0.23,6.61,-0.49,8.21,5.84,2026-10-05T03:50:25.023671+00:00,4.0,0.23,2.77,-2.74,-1.65,,TPBI PUBLIC COMPANY LIMITED,SET,Industrials,Packaging
TKS,6.08,0.48,7.9,44.25,4.0,2026-08-19,0.12,4.19,1.89,8.97,5.68,2026-10-05T03:50:08.398165+00:00,23.0,0.48,4.316,18.29,2.71,-0.96,T.K.S. TECHNOLOGIES PUBLIC COMPANY LIMITED,SET,Services,Media & Publishing
SISB,5.86,0.51,8.65,52.78,4.0,2026-03-06,0.51,0.86,5.0,6.0,3.7,2026-10-05T03:48:52.719421+00:00,7.0,0.51,1.676,18.05,38.52,,SISB PUBLIC COMPANY LIMITED,SET,Services,Professional Services
IFS,5.78,0.104,1.8,45.22,4.0,2026-03-04,0.104,5.91,-0.13,5.88,4.16,2026-10-05T03:45:14.398981+00:00,16.0,0.104,1.5335,-14.77,-8.02,0.88,IFS CAPITAL (THAILAND) PUBLIC COMPANY LIMITED,SET,Financials,Finance & Securities
PRM,5.78,0.45,8.6,52.4,4.0,2026-08-27,0.2,5.14,0.64,7.38,4.29,2026-10-05T03:47:48.361958+00:00,9.0,0.45,2.83,-3.45,10.76,,PRIMA MARINE PUBLIC COMPANY LIMITED,SET,Services,Transportation & Logistics
FSMART,5.67,0.38,6.7,52.62,4.0,2026-08-27,0.18,3.83,1.84,6.91,4.15,2026-10-05T03:44:43.685746+00:00,12.0,0.38,4.9,-2.5,-1.02,-2.71,FORTH SMART SERVICE PUBLIC COMPANY LIMITED,mai,Services,
JCT,5.66,4.8,84.75,51.78,4.0,2026-03-10,4.8,5.02,0.64,6.08,5.33,2026-10-05T03:45:33.893885+00:00,23.0,4.8,41.05,4.14,6.52,1.84,JACK CHIA INDUSTRIES (THAILAND) PUBLIC COMPANY LIMITED,SET,Consumer Products,Personal Products & Pharmaceuticals
SITHAI,5.61,0.06,1.07,43.57,4.0,2026-08-25,0.02,3.68,1.93,6.19,4.92,2026-10-05T03:48:53.322576+00:00,5.0,0.06,0.67,0.0,14.87,-4.98,SRITHAI SUPERWARE PUBLIC COMPANY LIMITED,SET,Industrials,Packaging
SK,5.56,0.03,0.54,50.59,4.0,2026-05-07,0.03,3.72,1.84,6.0,4.69,2026-10-05T03:48:54.321276+00:00,3.0,0.03,0.175,-15.66,8.45,,SIRAKORN PUBLIC COMPANY LIMITED,mai,Property & Construction,
SE,5.52,0.026,0.48,53.63,4.0,2026-03-11,0.026493,0.67,4.85,6.67,4.56,2026-10-05T03:48:37.185772+00:00,10.0,0.0265,0.2229,0.0,58.15,-2.5,SIAMEAST SOLUTIONS PUBLIC COMPANY LIMITED,SET,Industrials,Industrial Materials & Machinery
TTB,5.47,0.149,2.94,55.83,4.0,2026-09-07,0.081,4.91,0.56,8.28,4.69,2026-10-05T03:50:44.149143+00:00,16.0,0.149,0.8198,7.48,20.77,10.51,TMBTHANACHART BANK PUBLIC COMPANY LIMITED,SET,Financials,Banking
PJW,5.45,0.11,2.02,50.69,4.0,2026-05-08,0.11,2.7,2.75,5.56,4.66,2026-10-05T03:47:30.086915+00:00,8.0,0.11,1.0058,-2.86,6.93,1.45,PANJAWATTANA PLASTIC PUBLIC COMPANY LIMITED,SET,Industrials,Packaging
THANI,5.45,0.17,2.02,52.82,4.0,2026-10-07,0.06,2.7,2.75,10.97,6.97,2026-10-05T03:49:56.454336+00:00,23.0,0.11,1.1417,76.52,-6.57,1.91,RATCHTHANI LEASING PUBLIC COMPANY LIMITED,SET,Financials,Finance & Securities
BBL,5.39,8.0,185.5,45.42,4.0,2026-09-09,2.0,3.63,1.76,5.41,3.92,2026-10-05T03:42:59.447316+00:00,23.0,10.0,62.5,12.62,20.11,4.4,BANGKOK BANK PUBLIC COMPANY LIMITED,SET,Financials,Banking
MOSHI,5.39,1.22,34.5,55.1,4.0,2026-08-28,0.64,,,4.03,2.82,2026-10-05T03:46:43.376927+00:00,4.0,1.86,3.36,45.81,,,Moshi Moshi Retail Corporation Public Company Limited,SET,Services,Commerce
CSS,5.38,0.05,0.93,50.0,4.0,2026-08-25,0.03,4.32,1.06,6.76,4.42,2026-10-05T03:44:09.569757+00:00,14.0,0.05,0.84,35.72,-18.61,-12.02,COMMUNICATION AND SYSTEM SOLUTION PUBLIC COMPANY LIMITED,SET,Services,Commerce
88TH,5.35,0.185,3.48,43.35,4.0,2026-04-29,0.185,,,5.35,2.28,2026-10-05T03:42:05.508982+00:00,,,,,,,88(Thailand) Public Company Limited,mai,Consumer Products,
ASEFA,5.34,0.35,6.65,48.11,4.0,2026-05-07,0.35,5.18,0.16,10.94,5.15,2026-10-05T03:42:42.131205+00:00,11.0,0.35,2.53,22.59,9.73,0.9,ASEFA PUBLIC COMPANY LIMITED,SET,Industrials,Industrial Materials & Machinery
RJH,5.33,0.8,15.0,47.34,4.0,2026-08-26,0.45,5.26,0.07,7.21,4.85,2026-10-05T03:48:08.192696+00:00,11.0,0.8,11.7,2.17,-23.23,7.18,RAJTHANEE HOSPITAL PUBLIC COMPANY LIMITED,SET,Services,Health Care Services
TMAN,5.33,0.56,10.6,44.64,4.0,2026-08-26,0.24,,,5.63,4.12,2026-10-05T03:50:11.264502+00:00,2.0,0.56,1.0,,,,T.Man Pharmaceutical Public Company Limited,SET,Consumer Products,Personal Products & Pharmaceuticals
SJWD,5.26,0.5,9.5,58.21,4.0,2026-08-26,0.2,2.55,2.71,7.81,4.72,2026-10-05T03:48:53.848984+00:00,3.0,0.5,3.1929,25.99,17.84,36.13,SCGJWD LOGISTICS PUBLIC COMPANY LIMITED,SET,Services,Transportation & Logistics
SEAOIL,5.23,0.1,3.44,40.62,4.0,2026-03-11,0.1,0.41,4.82,3.79,2.36,2026-10-05T03:48:39.428841+00:00,7.0,0.1,0.682,-30.66,70.48,27.92,SEA OIL PUBLIC COMPANY LIMITED,SET,Resources,Energy & Utilities
KTC,5.21,1.77,34.0,54.31,4.0,2026-04-10,1.77,2.46,2.75,7.25,4.29,2026-10-05T03:45:55.220492+00:00,14.0,1.77,10.02,11.7,12.1,16.04,KRUNGTHAI CARD PUBLIC COMPANY LIMITED,SET,Financials,Finance & Securities
PIN,5.17,0.216,4.18,45.0,4.0,2026-05-07,0.216,5.59,-0.42,5.4,4.19,2026-10-05T03:47:29.195402+00:00,5.0,0.216,1.866,-28.46,7.57,,PINTHONG INDUSTRIAL PARK PUBLIC COMPANY LIMITED,SET,Property & Construction,Property Development
TOA,5.14,0.77,14.8,46.03,4.0,2026-08-27,0.38,2.54,2.6,6.7,4.58,2026-10-05T03:50:20.779988+00:00,9.0,0.77,4.97,4.23,11.84,,TOA PAINT (THAILAND) PUBLIC COMPANY LIMITED,SET,Property & Construction,Construction Materials
SYNEX,5.13,0.48,9.35,49.11,4.0,2026-08-19,0.1,3.56,1.57,5.61,4.03,2026-10-05T03:49:36.971567+00:00,18.0,0.48,4.9991,10.06,-7.27,1.84,SYNNEX (THAILAND) PUBLIC COMPANY LIMITED,SET,Technology,Information & Communication Technology
KBANK,5.08,12.0,236.0,55.66,4.0,2026-09-09,2.0,3.33,1.75,7.29,4.6,2026-10-05T03:45:40.972394+00:00,22.0,14.0,60.75,23.13,33.92,13.35,KASIKORNBANK PUBLIC COMPANY LIMITED,SET,Financials,Banking
KTB,5.08,2.12,42.0,57.93,4.0,2026-09-22,0.48,3.6,1.48,8.72,4.61,2026-10-05T03:45:54.628619+00:00,24.0,2.72,9.879,46.34,45.44,12.2,KRUNG THAI BANK PUBLIC COMPANY LIMITED,SET,Financials,Banking
SIS,5.06,1.22,24.1,42.51,4.0,2026-03-06,1.22,4.4,0.66,6.67,4.44,2026-10-05T03:48:52.163020+00:00,13.0,1.22,8.74,5.13,0.33,11.8,SIS DISTRIBUTION (THAILAND) PUBLIC COMPANY LIMITED,SET,Technology,Information & Communication Technology
SAMART,5.05,0.28,5.55,44.3,4.0,2026-08-26,0.14,1.36,3.69,5.62,4.18,2026-10-05T03:48:22.362427+00:00,2.0,0.28,3.445,23.13,22.87,-9.38,SAMART CORPORATION PUBLIC COMPANY LIMITED,SET,Technology,Information & Communication Technology
UPOIC,5.0,0.34,6.8,46.91,4.0,2026-03-10,0.34,5.23,-0.23,5.62,4.15,2026-10-05T03:51:02.772614+00:00,27.0,0.34,2.475,4.26,-7.42,8.53,UNITED PALM OIL INDUSTRY PUBLIC COMPANY LIMITED,SET,Agro & Food Industry,Agribusiness
MFC,4.9,1.25,25.75,44.53,4.0,2026-05-07,1.25,5.69,-0.79,6.72,4.55,2026-10-05T03:46:28.179905+00:00,28.0,1.25,13.6,-1.3,-10.28,-2.13,MFC ASSET MANAGEMENT PUBLIC COMPANY LIMITED,SET,Financials,Finance & Securities
MASTER,4.88,0.4,8.2,57.03,4.0,2026-03-16,0.4,,,5.59,3.2,2026-10-05T03:46:16.581735+00:00,4.0,0.4,1.4642,193.18,,,Master Style Public Company Limited,SET,Services,Health Care Services
CSC,4.76,2.25,47.0,40.98,4.0,2026-03-13,2.25,4.67,0.09,5.36,4.74,2026-10-05T03:44:07.127207+00:00,19.0,2.25,19.63,7.13,4.56,-1.05,CROWN SEAL PUBLIC COMPANY LIMITED,SET,Industrials,Packaging
NSL,4.76,1.05,21.0,54.4,4.0,2026-08-28,0.5,2.51,2.25,5.2,3.68,2026-10-05T03:47:03.765332+00:00,6.0,1.05,4.15,14.47,16.0,,NSL FOODS PUBLIC COMPANY LIMITED,SET,Agro & Food Industry,Food & Beverage
PRAPAT,4.76,0.04,0.83,44.44,4.0,2026-05-05,0.04,1.15,3.61,5.88,4.0,2026-10-05T03:47:43.923845+00:00,6.0,0.04,0.1625,3.23,50.13,,PEERAPAT TECHNOLOGY PUBLIC COMPANY LIMITED,mai,Industrial,
SFT,4.73,0.07,1.51,47.59,4.0,2026-03-19,0.07,1.67,3.06,5.26,3.07,2026-10-05T03:48:43.972006+00:00,6.0,0.07,0.3922,15.44,-7.16,,SHRINKFLEX (THAILAND) PUBLIC COMPANY LIMITED,mai,Industrial,
VIH,4.73,0.4,8.4,54.71,4.0,2026-03-13,0.4,3.1,1.63,5.44,4.21,2026-10-05T03:51:08.561063+00:00,14.0,0.4,2.415,25.99,-4.36,13.78,SRIVICHAIVEJVIVAT PUBLIC COMPANY LIMITED,SET,Services,Health Care Services
BKIH,4.66,10.0,386.0,48.41,4.0,2026-08-20,4.5,,,3.37,2.51,2026-10-05T03:43:16.771958+00:00,3.0,19.75,48.0,20.63,,,BKI HOLDINGS PUBLIC COMPANY LIMITED,SET,Financials,Insurance
TCAP,4.63,2.2,79.75,42.02,4.0,2026-09-11,1.5,6.5,-1.87,4.42,2.4,2026-10-05T03:49:44.305495+00:00,24.0,3.7,33.6,4.42,4.28,5.83,THANACHART CAPITAL PUBLIC COMPANY LIMITED,SET,Financials,Banking
WIIK,4.58,0.055,1.19,45.31,4.0,2026-03-11,0.055,4.72,-0.14,6.87,4.07,2026-10-05T03:51:20.394286+00:00,11.0,0.055,0.8164,-2.86,-9.38,-10.75,WIIK PUBLIC COMPANY LIMITED,SET,Property & Construction,Construction Materials
VIBHA,4.48,0.06,1.35,41.58,4.0,2026-05-06,0.06,2.44,2.04,4.55,3.95,2026-10-05T03:51:08.066302+00:00,25.0,0.06,0.461,6.27,3.71,5.54,VIBHAVADI MEDICAL CENTER PUBLIC COMPANY LIMITED,SET,Services,Health Care Services
TEAM,4.43,0.15,6.2,48.36,4.0,2026-08-24,0.12,3.73,0.7,6.88,2.29,2026-10-05T03:49:47.020454+00:00,6.0,0.27,1.4944,5.49,11.03,7.31,TEAM PRECISION PUBLIC COMPANY LIMITED,SET,Technology,Electronic Components
TPIPP,4.27,0.07,1.63,44.0,4.0,2026-03-11,0.07,6.06,-1.79,4.29,3.15,2026-10-05T03:50:27.942299+00:00,10.0,0.07,2.33,-30.66,-22.48,-12.3,TPI POLENE POWER PUBLIC COMPANY LIMITED,SET,Resources,Energy & Utilities
MAGURO,4.24,0.75,17.7,56.83,4.0,2026-08-28,0.29,,,4.87,2.83,2026-10-05T03:46:13.237039+00:00,2.0,0.75,1.3,,,,Maguro Group Public Company Limited,mai,Agro & Food Industry,
AURA,4.21,0.56,13.3,46.28,4.0,2026-04-30,0.56,,,4.63,3.48,2026-10-05T03:42:51.306384+00:00,4.0,0.56,1.37,21.79,,,Aurora Design Public Company Limited,SET,Consumer Products,Fashion
BH,4.2,7.0,189.0,57.08,4.0,2026-08-28,4.0,2.01,2.19,5.15,3.27,2026-10-05T03:43:10.311240+00:00,23.0,13.0,44.75,36.16,32.36,17.69,BUMRUNGRAD HOSPITAL PUBLIC COMPANY LIMITED,SET,Services,Health Care Services
PSL,4.19,0.2,9.5,49.51,4.0,2026-08-21,0.1,5.53,-1.34,3.51,1.75,2026-10-05T03:47:53.047549+00:00,6.0,0.3,6.1023,-9.14,-33.17,-4.46,PRECIOUS SHIPPING PUBLIC COMPANY LIMITED,SET,Services,Transportation & Logistics
FTI,4.17,0.08,2.04,51.51,4.0,2026-03-11,0.04,,,5.03,3.7,2026-10-05T03:44:44.748775+00:00,4.0,0.04,0.28,-17.02,,,Function International Public Company Limited,SET,Consumer Products,Home & Office Products
DITTO,4.1,0.25,12.2,54.75,4.0,2026-05-06,0.25,0.06,4.04,2.53,1.49,2026-10-05T03:44:17.630240+00:00,5.0,0.25,1.0204,0.0,93.32,,DITTO (THAILAND) PUBLIC COMPANY LIMITED,SET,Technology,Information & Communication Technology
ASK,4.08,0.4,9.85,42.92,4.0,2026-02-27,0.4,4.59,-0.51,5.71,3.15,2026-10-05T03:42:45.591355+00:00,22.0,0.4,11.6407,-29.88,-18.9,-10.92,ASIA SERMKIJ LEASING PUBLIC COMPANY LIMITED,SET,Financials,Finance & Securities
CPN,3.89,2.4,61.5,53.78,4.0,2026-03-09,2.4,1.82,2.07,4.9,3.4,2026-10-05T03:44:01.270153+00:00,27.0,2.4,12.88,10.06,31.95,11.2,CENTRAL PATTANA PUBLIC COMPANY LIMITED,SET,Property & Construction,Property Development
CPALL,3.84,1.65,43.0,49.16,4.0,2026-04-30,1.65,1.53,2.31,4.07,3.03,2026-10-05T03:43:57.018534+00:00,23.0,1.65,10.8,18.17,22.42,5.14,CP ALL PUBLIC COMPANY LIMITED,SET,Services,Commerce
MTI,3.79,0.81,20.8,45.97,4.0,2026-03-12,0.81,4.79,-1.0,5.51,3.62,2026-10-05T03:46:47.561033+00:00,13.0,0.81,5.131,17.45,9.27,6.54,MUANG THAI INSURANCE PUBLIC COMPANY LIMITED,SET,Financials,Insurance
MST,3.76,0.29,7.45,48.15,4.0,2026-09-07,0.14,6.38,-2.62,4.46,3.39,2026-10-05T03:46:46.585607+00:00,23.0,0.31,7.65,-14.15,-17.48,-15.14,MAYBANK SECURITIES (THAILAND) PUBLIC COMPANY LIMITED,SET,Financials,Finance & Securities
TMILL,3.63,0.05,2.48,49.04,4.0,2026-03-16,0.05,4.05,-0.42,2.78,1.71,2026-10-05T03:50:14.179707+00:00,14.0,0.05,1.65,-10.61,-24.95,-14.87,T S FLOUR MILL PUBLIC COMPANY LIMITED,mai,Agro & Food Industry,
COM7,3.61,1.1,30.5,56.7,4.0,2026-03-10,1.1,2.87,0.74,6.04,3.44,2026-10-05T03:43:54.535378+00:00,11.0,1.1,5.86,16.26,1.92,24.29,COM7 PUBLIC COMPANY LIMITED,SET,Services,Commerce
TPLAS,3.51,0.04,1.14,57.8,4.0,2026-04-10,0.04,3.75,-0.24,5.06,2.99,2026-10-05T03:50:28.609548+00:00,8.0,0.04,0.62,0.0,-16.74,,THAI PLASTIC INDUSTRIAL (1994) PUBLIC COMPANY LIMITED,mai,Industrial,
JPARK,3.45,0.1,2.9,45.45,4.0,2026-04-27,0.1,,,4.42,2.38,2026-10-05T03:45:35.771102+00:00,3.0,0.1,0.1875,38.67,,,JENKONGKLAI PUBLIC COMPANY LIMITED,mai,Services,
MINT,3.3,0.4,21.1,50.72,4.0,2026-08-27,0.3,1.02,2.28,2.04,1.48,2026-10-05T03:46:33.903360+00:00,4.0,0.7,4.4348,7.09,12.18,8.37,MINOR INTERNATIONAL PUBLIC COMPANY LIMITED,SET,Services,Tourism & Leisure
BM,3.29,0.05,1.52,42.14,4.0,2026-03-10,0.05,2.12,1.17,5.15,3.23,2026-10-05T03:43:21.009658+00:00,11.0,0.05,0.869,-10.18,4.56,-10.98,BANGKOK SHEET METAL PUBLIC COMPANY LIMITED,mai,Industrial,
AMC,3.2,0.08,2.5,44.56,4.0,2026-03-19,0.08,4.99,-1.79,4.19,2.8,2026-10-05T03:42:32.387101+00:00,3.0,0.08,1.61,-25.05,-10.59,0.0,ASIA METAL PUBLIC COMPANY LIMITED,SET,Industrials,Steel and Metal Products
EURO,3.18,0.25,7.85,46.02,4.0,2026-03-11,0.25,,,6.91,3.18,2026-10-05T03:44:35.592834+00:00,2.0,0.25,0.47,,,,Euro Creations Public Company Limited,mai,Consumer Products,
MITSIB,3.13,0.02,0.64,48.58,4.0,2026-04-30,0.02,0.79,2.34,3.92,2.67,2026-10-05T03:46:35.005266+00:00,2.0,0.02,0.0972,95.3,-13.99,,MITSIB LEASING PUBLIC COMPANY LIMITED,mai,Financials,
I2,3.1,0.022,0.69,48.22,4.0,2026-03-02,0.022,,,4.07,2.27,2026-10-05T03:45:10.735011+00:00,4.0,0.022,0.192,-31.35,,,I2 Enterprise Public Company Limited,mai,Technology,
GPSC,3.09,1.5,48.75,40.43,4.0,2026-08-19,0.55,1.78,1.31,5.0,2.69,2026-10-05T03:44:54.030547+00:00,12.0,1.5,11.2362,19.01,4.56,3.89,GLOBAL POWER SYNERGY PUBLIC COMPANY LIMITED,SET,Resources,Energy & Utilities
UNIQ,3.03,0.08,2.64,49.19,4.0,2026-03-16,0.08,3.0,0.03,3.57,2.41,2026-10-05T03:51:00.054101+00:00,3.0,0.08,2.05,16.96,-23.23,-6.7,UNIQUE ENGINEERING AND CONSTRUCTION PUBLIC COMPANY LIMITED,SET,Property & Construction,Construction Services
PB,3.0,1.58,47.0,57.26,4.0,2026-08-31,0.62,3.04,-0.04,3.59,2.87,2026-10-05T03:47:18.261661+00:00,24.0,1.41,17.73,-11.44,-5.99,-1.38,PRESIDENT BAKERY PUBLIC COMPANY LIMITED,SET,Agro & Food Industry,Food & Beverage
BRI,2.94,0.035,1.18,40.37,4.0,2026-03-16,0.025,,,3.02,1.75,2026-10-05T03:43:24.074627+00:00,4.0,0.025,1.504,-65.95,,,BRITANIA PUBLIC COMPANY LIMITED,SET,Property & Construction,Property Development
IVL,2.94,0.35,26.75,52.12,4.0,2026-08-27,0.2,3.22,-0.28,2.4,1.15,2026-10-05T03:45:31.479076+00:00,17.0,0.55,9.81,-7.72,-17.62,-3.8,INDORAMA VENTURES PUBLIC COMPANY LIMITED,SET,Industrials,Petrochemicals & Chemicals
SCC,2.87,6.0,245.0,44.8,4.0,2026-08-05,3.5,2.73,0.14,3.68,2.21,2026-10-05T03:48:30.937310+00:00,25.0,6.0,121.5,0.0,-17.81,-10.89,THE SIAM CEMENT PUBLIC COMPANY LIMITED,SET,Property & Construction,Construction Materials
JMART,2.81,0.14,9.7,52.27,4.0,2026-05-27,0.135,3.09,-0.28,2.41,1.09,2026-10-05T03:45:34.873118+00:00,18.0,0.135,4.8239,-17.45,-38.3,-1.6,JAYMART GROUP HOLDINGS PUBLIC COMPANY LIMITED,SET,Technology,Information & Communication Technology
SCGP,2.74,0.75,29.0,43.25,4.0,2026-08-04,0.4,1.74,1.0,5.03,2.33,2026-10-05T03:48:33.659045+00:00,6.0,0.75,3.8,10.89,2.9,,SCG PACKAGING PUBLIC COMPANY LIMITED,SET,Industrials,Packaging
PR9,2.65,0.5,18.9,48.76,4.0,2026-08-24,0.2,1.34,1.31,3.18,2.07,2026-10-05T03:47:41.837405+00:00,8.0,0.5,2.22,3.57,28.99,,PRARAM 9 HOSPITAL PUBLIC COMPANY LIMITED,SET,Services,Health Care Services
TFMAMA,2.64,4.45,184.5,41.6,4.0,2026-10-01,2.43,2.21,0.43,2.44,2.25,2026-10-05T03:49:52.720404+00:00,27.0,4.45,44.79,-4.25,6.55,-1.2,THAI PRESIDENT FOODS PUBLIC COMPANY LIMITED,SET,Agro & Food Industry,Food & Beverage
CSR,2.57,2.03,79.0,55.16,4.0,2026-05-08,2.03,1.65,0.92,3.38,2.43,2026-10-05T03:44:08.053297+00:00,27.0,2.03,15.18,8.94,22.04,1.21,CITY SPORTS AND RECREATION PUBLIC COMPANY LIMITED,SET,Services,Tourism & Leisure
CFARM,2.2,0.02,0.93,54.49,4.0,2026-04-17,0.02,,,3.7,1.83,2026-10-05T03:43:38.089817+00:00,,,,,,,CHUWIT FARM (2019) PUBLIC COMPANY LIMITED,mai,Agro & Food Industry,
PTTGC,2.2,1.1,50.25,57.56,4.0,2026-09-07,0.6,2.23,-0.03,5.79,2.16,2026-10-05T03:47:58.317272+00:00,15.0,1.1,20.4,13.62,-15.14,-11.06,PTT GLOBAL CHEMICAL PUBLIC COMPANY LIMITED,SET,Industrials,Petrochemicals & Chemicals
COCOCO,2.14,0.12,5.6,56.48,4.0,2026-05-05,0.12,,,2.56,1.47,2026-10-05T03:43:53.436239+00:00,4.0,0.12,0.87,-21.7,,,Thai Coconut Public Company Limited,SET,Agro & Food Industry,Food & Beverage
XPG,2.04,0.01,0.5,53.06,4.0,2026-03-16,0.01,5.53,-3.49,2.63,1.72,2026-10-05T03:51:26.734366+00:00,1.0,0.01,0.3523,-35.66,-21.62,-24.04,XSPRING CAPITAL PUBLIC COMPANY LIMITED,SET,Financials,Finance & Securities
BPS,1.95,0.013,0.64,57.09,4.0,2026-05-07,0.0125,,,3.33,1.76,2026-10-05T03:43:23.022712+00:00,2.0,0.0125,0.025,,,,BPS Technology Public Company Limited,mai,Industrial,
QLT,1.77,0.031,1.75,55.0,4.0,2026-03-12,0.031,5.42,-3.65,2.48,1.42,2026-10-05T03:48:01.694878+00:00,1.0,0.031,3.481,-50.13,-36.49,-25.64,QUALITECH PUBLIC COMPANY LIMITED,mai,Services,
ANI,1.52,0.2,3.3,54.81,4.0,2026-04-27,0.05,,,8.26,5.18,2026-10-05T03:42:33.286970+00:00,3.0,0.05,0.45,-41.52,,,Asia Network International Public Company Limited,SET,Services,Transportation & Logistics
SAAM,1.07,0.0,4.66,50.59,4.0,2025-11-27,0.05,0.58,0.49,0.0,0.0,2026-10-05T03:48:17.096012+00:00,7.0,0.05,0.376,-5.9,0.0,,SAAM DEVELOPMENT PUBLIC COMPANY LIMITED,mai,Resources,
LHSC,15.38,0.641,15.5,73.55,3.0,2026-08-27,0.2,3.94,11.44,5.57,4.01,2026-10-05T03:46:06.977195+00:00,12.0,0.841,7.6228,-7.12,17.3,-0.85,LH SHOPPING CENTERS LEASEHOLD REAL ESTATE INVESTMENT TRUST,SET,Property & Construction,Property Fund & REITs
IROYAL,14.37,0.43,4.0,67.33,3.0,2026-08-25,0.1304,,,11.88,6.62,2026-10-05T03:45:25.456264+00:00,,,,,,,Interroyal Engineering Public Company Limited,mai,Services,
MII,13.97,0.0,5.85,78.41,3.0,2026-09-04,0.206,9.81,4.16,0.0,0.0,2026-10-05T03:46:32.110581+00:00,14.0,0.5028,5.8336,-17.6,-2.75,-0.12,MFC Industrial Investment Freehold and Leasehold Real Estate Investment Trust,SET,Property & Construction,Property Fund & REITs
MCS,12.42,0.7,7.65,61.06,3.0,2026-04-20,0.7,5.68,6.74,9.72,7.18,2026-10-05T03:46:21.021952+00:00,22.0,0.7,6.67,10.42,6.96,0.29,M.C.S.STEEL PUBLIC COMPANY LIMITED,SET,Industrials,Steel and Metal Products
AI,12.35,0.4,3.24,76.63,3.0,2026-08-25,0.2,8.06,4.29,14.29,11.76,2026-10-05T03:42:18.123048+00:00,17.0,0.3,4.89,6.27,-14.85,-6.05,ASIAN INSULATORS PUBLIC COMPANY LIMITED,SET,Resources,Energy & Utilities
CPW,9.91,0.23,2.3,70.6,3.0,2026-08-20,0.08,3.08,6.83,12.3,8.21,2026-10-05T03:44:04.230883+00:00,7.0,0.23,0.89,8.51,23.52,,COPPERWIRED PUBLIC COMPANY LIMITED,SET,Services,Commerce
PYLON,9.9,0.39,3.94,61.78,3.0,2026-08-27,0.15,2.65,7.25,16.81,9.56,2026-10-05T03:47:58.846819+00:00,21.0,0.39,1.61,40.71,45.41,8.34,PYLON PUBLIC COMPANY LIMITED,SET,Property & Construction,Construction Services
SPRIME,9.52,0.4,4.08,64.93,3.0,2026-08-20,0.1,10.69,-1.17,12.05,8.85,2026-10-05T03:49:13.839439+00:00,8.0,0.3,3.9952,-16.48,-13.47,,S PRIME GROWTH LEASEHOLD REAL ESTATE INVESTMENT TRUST,SET,Property & Construction,Property Fund & REITs
FLOYD,8.93,0.1,1.12,71.37,3.0,2026-05-05,0.1,,,10.64,7.58,2026-10-05T03:44:38.474478+00:00,4.0,0.1,0.4004,100.83,6.53,,FLOYD PUBLIC COMPANY LIMITED,mai,Property & Construction,
UTP,8.89,0.7,9.0,61.57,3.0,2026-08-26,0.4,6.1,2.79,9.86,7.25,2026-10-05T03:51:03.472956+00:00,17.0,0.7,6.34,-5.52,-1.11,16.65,UNITED PAPER PUBLIC COMPANY LIMITED,SET,Industrials,Paper & Printing Materials
AMATAR,8.71,0.598,7.35,73.71,3.0,2026-08-24,0.16,8.7,0.01,9.42,7.62,2026-10-05T03:42:30.511682+00:00,12.0,0.438,6.156,-12.77,-7.01,-3.65,AMATA SUMMIT GROWTH FREEHOLD AND LEASEHOLD REAL ESTATE INVESTMENT TRUST,SET,Property & Construction,Property Fund & REITs
SSTRT,8.62,0.4,4.64,66.09,3.0,2026-08-11,0.2,8.04,0.58,9.66,8.16,2026-10-05T03:49:21.327531+00:00,9.0,0.4,4.4589,0.0,0.0,-5.19,SUB SRI THAI REAL ESTATE INVESTMENT TRUST,SET,Property & Construction,Property Fund & REITs
DREIT,8.54,0.398,4.86,64.78,3.0,2026-08-25,0.2075,8.05,0.49,8.58,6.63,2026-10-05T03:44:20.837310+00:00,9.0,0.3975,3.5854,-0.42,0.48,,DUSIT THANI FREEHOLD AND LEASEHOLD REAL ESTATE INVESTMENT TRUST,SET,Property & Construction,Property Fund & REITs
PHOL,8.33,0.27,3.24,69.0,3.0,2026-08-26,0.12,7.71,0.62,10.0,7.99,2026-10-05T03:47:26.671555+00:00,8.0,0.27,2.1406,7.06,2.38,4.35,PHOL DHANYA PUBLIC COMPANY LIMITED,mai,Industrial,
IND,8.3,0.073,0.88,70.19,3.0,2026-05-05,0.073,,,9.12,4.59,2026-10-05T03:45:19.558292+00:00,3.0,0.073,0.1542,69.46,,,INDEX INTERNATIONAL GROUP PUBLIC COMPANY LIMITED,mai,Property & Construction,
GABLE,8.21,0.32,3.9,64.23,3.0,2026-04-30,0.32,,,11.11,7.21,2026-10-05T03:44:46.837304+00:00,3.0,0.32,0.8793,3.45,,,G-Able Public Company Limited,SET,Technology,Information & Communication Technology
ASIMAR,8.16,0.12,1.47,74.69,3.0,2026-03-13,0.12,4.68,3.48,9.3,7.06,2026-10-05T03:42:45.042185+00:00,15.0,0.12,1.03,14.47,3.71,0.0,ASIAN MARINE SERVICES PUBLIC COMPANY LIMITED,SET,Services,Transportation & Logistics
WINNER,8.11,0.18,2.2,79.71,3.0,2026-08-27,0.09,6.3,1.81,9.09,7.63,2026-10-05T03:51:21.976221+00:00,14.0,0.18,1.4806,8.74,0.0,1.62,WINNER GROUP ENTERPRISE PUBLIC COMPANY LIMITED,mai,Agro & Food Industry,
BIZ,8.06,0.5,6.2,70.74,3.0,2026-03-09,0.5,6.15,1.91,13.66,7.69,2026-10-05T03:43:13.074469+00:00,10.0,0.5,2.4378,18.56,3.17,22.32,BUSINESS ALIGNMENT PUBLIC COMPANY LIMITED,SET,Consumer Products,Personal Products & Pharmaceuticals
MFEC,8.06,0.5,6.2,76.92,3.0,2026-05-06,0.5,5.96,2.1,10.04,7.69,2026-10-05T03:46:28.720997+00:00,23.0,0.5,3.75,7.72,4.56,3.63,MFEC PUBLIC COMPANY LIMITED,SET,Technology,Information & Communication Technology
ESTAR,8.0,0.02,0.25,62.95,3.0,2026-05-07,0.02,3.8,4.2,11.11,7.41,2026-10-05T03:44:33.227615+00:00,2.0,0.02,0.21,25.99,-18.32,,EASTERN STAR REAL ESTATE PUBLIC COMPANY LIMITED,SET,Property & Construction,Property Development
FTE,7.94,0.19,2.54,74.57,3.0,2026-08-26,0.1,1.99,5.95,11.11,6.69,2026-10-05T03:44:44.344026+00:00,10.0,0.19,1.2556,10.72,39.82,11.56,FIRETRADE ENGINEERING PUBLIC COMPANY LIMITED,SET,Industrials,Industrial Materials & Machinery
LHK,7.91,0.26,3.52,75.93,3.0,2026-06-11,0.14,7.6,0.31,8.02,7.1,2026-10-05T03:46:05.509698+00:00,17.0,0.14,3.23,-15.25,-26.21,-9.97,LOHAKIT METAL PUBLIC COMPANY LIMITED,SET,Industrials,Steel and Metal Products
CPI,7.76,0.27,3.5,66.5,3.0,2026-03-13,0.27,5.45,2.31,8.65,7.11,2026-10-05T03:44:00.362914+00:00,7.0,0.27,1.281,34.89,7.28,24.57,CHUMPORN PALM OIL INDUSTRY PUBLIC COMPANY LIMITED,SET,Agro & Food Industry,Food & Beverage
TERA,7.76,0.104,1.39,61.71,3.0,2026-08-24,0.037,,,11.06,7.27,2026-10-05T03:49:49.779958+00:00,3.0,0.104,0.229,32.21,,,Terabyte Plus Public Company Limited,mai,Technology,
GTB,7.59,0.06,0.78,71.73,3.0,2026-05-08,0.06,3.95,3.64,9.38,7.5,2026-10-05T03:44:58.297951+00:00,4.0,0.06,0.3154,14.47,24.57,,GETABEC PUBLIC COMPANY LIMITED,mai,Industrial,
TFG,7.51,0.71,9.55,66.36,3.0,2026-08-24,0.225,2.97,4.54,16.75,6.12,2026-10-05T03:49:50.489529+00:00,10.0,0.61,2.368,92.89,34.23,28.42,THAIFOODS GROUP PUBLIC COMPANY LIMITED,SET,Agro & Food Industry,Food & Beverage
BTG,7.5,1.5,19.9,75.76,3.0,2026-03-10,1.5,,,9.74,5.88,2026-10-05T03:43:27.222059+00:00,4.0,1.5,3.25,81.71,,,BETAGRO PUBLIC COMPANY LIMITED,SET,Agro & Food Industry,Food & Beverage
DRT,7.41,0.14,5.4,68.06,3.0,2026-08-31,0.2,6.59,0.82,3.04,2.5,2026-10-05T03:44:22.369501+00:00,21.0,0.34,4.19,-13.21,-6.66,0.3,DIAMOND BUILDING PRODUCTS PUBLIC COMPANY LIMITED,SET,Property & Construction,Construction Materials
UBA,7.37,0.098,1.34,75.34,3.0,2026-05-05,0.09725,,,11.4,6.28,2026-10-05T03:50:55.907421+00:00,4.0,0.0972,0.2912,26.54,,,Utility Business Alliance Public Company Limited,mai,Services,
ILM,7.3,1.0,13.9,66.67,3.0,2026-08-26,0.25,4.12,3.18,8.26,6.17,2026-10-05T03:45:17.351868+00:00,7.0,1.0,5.48,0.0,10.76,,INDEX LIVING MALL PUBLIC COMPANY LIMITED,SET,Services,Commerce
SCCC,7.24,11.0,152.0,79.15,3.0,2026-08-18,4.0,6.33,0.91,7.97,7.03,2026-10-05T03:48:31.593214+00:00,26.0,11.0,93.0,0.0,4.1,-1.66,SIAM CITY CEMENT PUBLIC COMPANY LIMITED,SET,Property & Construction,Construction Materials
AS,7.21,0.18,2.2,76.92,3.0,2026-08-26,0.08,6.15,1.06,8.26,4.71,2026-10-05T03:42:41.461021+00:00,2.0,0.18,5.2116,-7.85,-23.79,-9.23,ASPHERE INNOVATIONS PUBLIC COMPANY LIMITED,SET,Services,Media & Publishing
ICN,7.08,0.09,2.12,60.0,3.0,2026-03-11,0.09,7.0,0.08,6.04,3.91,2026-10-05T03:45:13.332504+00:00,9.0,0.09,1.64,-20.63,-21.4,,INFORMATION AND COMMUNICATION NETWORKS PUBLIC COMPANY LIMITED,SET,Technology,Information & Communication Technology
TEGH,7.01,0.22,3.16,61.28,3.0,2026-03-19,0.22,,,7.86,6.25,2026-10-05T03:49:47.922172+00:00,4.0,0.22,0.79,30.06,,,Thai Eastern Group Holdings Public Company Limited,SET,Agro & Food Industry,Agribusiness
TIF1,7.0,0.305,7.85,63.82,3.0,2026-08-31,0.14,7.37,-0.37,4.42,3.77,2026-10-05T03:50:01.341285+00:00,22.0,0.445,5.921,-24.16,-4.22,-3.23,THAI INDUSTRIAL FUND 1,SET,Property & Construction,Property Fund & REITs
ARROW,6.96,0.4,5.8,63.79,3.0,2026-08-24,0.1,6.09,0.87,8.23,6.4,2026-10-05T03:42:39.916397+00:00,14.0,0.4,4.5,4.55,-2.33,-3.97,ARROW SYNDICATE PUBLIC COMPANY LIMITED,mai,Property & Construction,
LANNA,6.85,0.5,14.7,61.74,3.0,2026-08-31,0.5,10.08,-3.23,3.57,3.03,2026-10-05T03:46:01.500339+00:00,27.0,1.0,13.66,-24.24,-16.41,3.78,THE LANNA RESOURCES PUBLIC COMPANY LIMITED,SET,Resources,Energy & Utilities
TNR,6.78,0.4,5.9,65.35,3.0,2026-03-13,0.2,4.63,2.15,8.47,6.11,2026-10-05T03:50:20.350426+00:00,10.0,0.2,3.27,-28.62,0.0,14.87,THAI NIPPON RUBBER INDUSTRY PUBLIC COMPANY LIMITED,SET,Consumer Products,Personal Products & Pharmaceuticals
ITC,6.71,1.0,16.4,77.27,3.0,2026-08-11,0.55,,,7.41,5.52,2026-10-05T03:45:28.385581+00:00,4.0,1.0,3.35,10.06,,,i-Tail Corporation Public Company Limited,SET,Agro & Food Industry,Food & Beverage
TRU,6.68,0.25,3.72,71.43,3.0,2026-05-11,0.25,3.23,3.45,7.1,6.01,2026-10-05T03:50:37.025647+00:00,16.0,0.25,1.7909,7.72,22.42,11.82,THAI RUNG UNION CAR PUBLIC COMPANY LIMITED,SET,Industrials,Automotive
KKP,6.65,7.45,114.5,62.73,3.0,2026-09-09,3.25,5.6,1.05,12.57,6.13,2026-10-05T03:45:51.691268+00:00,26.0,7.45,42.65,35.42,13.53,2.19,KIATNAKIN PHATRA BANK PUBLIC COMPANY LIMITED,SET,Financials,Banking
SPG,6.61,0.8,12.1,79.43,3.0,2026-03-19,0.8,4.58,2.03,7.84,6.15,2026-10-05T03:49:11.928227+00:00,27.0,0.8,6.8,0.0,12.2,0.0,THE SIAM PAN GROUP PUBLIC COMPANY LIMITED,SET,Industrials,Automotive
TACC,6.61,0.21,6.3,71.36,3.0,2026-04-22,0.21,6.51,0.1,4.53,3.11,2026-10-05T03:49:37.942974+00:00,11.0,0.21,2.79,-18.64,-9.71,2.14,T.A.C. CONSUMER PUBLIC COMPANY LIMITED,mai,Agro & Food Industry,
BA,6.51,0.7,19.0,64.06,3.0,2026-09-09,0.55,1.61,4.9,5.83,3.5,2026-10-05T03:42:53.012922+00:00,4.0,1.25,6.18,4.35,65.72,10.76,BANGKOK AIRWAYS PUBLIC COMPANY LIMITED,SET,Services,Transportation & Logistics
PCC,6.51,0.14,3.4,78.57,3.0,2026-05-07,0.14,,,5.43,3.95,2026-10-05T03:47:19.768769+00:00,4.0,0.14,0.77,-12.64,,,Precise Corporation Public Company Limited,SET,Industrials,Industrial Materials & Machinery
TPRIME,6.42,0.413,8.7,70.28,3.0,2026-08-20,0.133,7.63,-1.21,6.35,4.64,2026-10-05T03:50:30.846054+00:00,10.0,0.404,5.7966,-10.81,-7.28,1.01,THAILAND PRIME PROPERTY FREEHOLD AND LEASEHOLD REAL ESTATE INVESTMENT TRUST,SET,Property & Construction,Property Fund & REITs
LALIN,6.4,0.27,4.22,68.22,3.0,2026-08-28,0.11,6.88,-0.48,6.4,5.24,2026-10-05T03:46:00.926775+00:00,24.0,0.27,4.187,-13.35,-15.85,6.27,LALIN PROPERTY PUBLIC COMPANY LIMITED,SET,Property & Construction,Property Development
TVO,6.37,2.07,28.0,67.76,3.0,2026-08-27,0.9,5.41,0.96,9.86,6.9,2026-10-05T03:50:51.564408+00:00,27.0,2.07,14.8964,12.6,15.25,0.91,THAI VEGETABLE OIL PUBLIC COMPANY LIMITED,SET,Agro & Food Industry,Food & Beverage
KLINIQ,6.34,1.63,27.5,75.66,3.0,2026-08-27,0.88,,,8.32,5.02,2026-10-05T03:45:52.063676+00:00,4.0,1.63,5.53,5.2,,,The Klinique Medical Clinic Public Company Limited,SET,Services,Health Care Services
ALUCON,6.3,16.0,254.0,64.44,3.0,2026-05-06,16.0,5.45,0.85,8.72,6.13,2026-10-05T03:42:26.949327+00:00,27.0,16.0,109.5,25.99,9.86,0.65,ALUCON PUBLIC COMPANY LIMITED,SET,Industrials,Packaging
STARM,6.3,0.058,0.92,72.5,3.0,2026-05-06,0.058,,,8.06,5.37,2026-10-05T03:49:22.912823+00:00,4.0,0.058,0.158,24.58,,,STAR MONEY PUBLIC COMPANY LIMITED,SET,Financials,Finance & Securities
TMD,6.24,1.7,27.5,68.3,3.0,2026-03-12,1.7,6.42,-0.18,6.85,5.91,2026-10-05T03:50:12.136224+00:00,25.0,1.7,14.75,2.04,1.22,3.54,THAI METAL DRUM MANUFACTURING PUBLIC COMPANY LIMITED,SET,Industrials,Packaging
MSC,6.19,0.35,5.65,77.97,3.0,2026-03-09,0.35,5.1,1.09,6.42,4.32,2026-10-05T03:46:45.027621+00:00,25.0,0.35,4.13,-11.21,-1.63,0.0,METRO SYSTEMS CORPORATION PUBLIC COMPANY LIMITED,SET,Technology,Information & Communication Technology
HARN,6.09,0.12,1.98,72.91,3.0,2026-05-07,0.12,5.77,0.32,6.32,5.41,2026-10-05T03:45:03.069967+00:00,12.0,0.12,1.32,-7.17,3.71,2.92,HARN ENGINEERING SOLUTIONS PUBLIC COMPANY LIMITED,mai,Industrial,
FTREIT,6.06,0.778,12.8,79.79,3.0,2026-08-21,0.1955,6.81,-0.75,7.94,5.72,2026-10-05T03:44:45.235706+00:00,12.0,0.585,6.7082,-7.87,-3.64,-1.44,FRASERS PROPERTY THAILAND INDUSTRIAL FREEHOLD & LEASEHOLD REIT,SET,Property & Construction,Property Fund & REITs
HTC,6.03,0.99,15.1,73.07,3.0,2026-09-09,0.37,5.82,0.21,6.78,5.86,2026-10-05T03:45:09.080869+00:00,18.0,0.91,8.01,-4.35,3.81,9.57,HAAD THIP PUBLIC COMPANY LIMITED,SET,Agro & Food Industry,Food & Beverage
TTW,6.0,0.3,10.0,77.06,3.0,2026-09-09,0.3,6.33,-0.33,3.37,2.8,2026-10-05T03:50:48.401197+00:00,19.0,0.6,6.284,0.0,0.0,-3.8,TTW PUBLIC COMPANY LIMITED,SET,Resources,Energy & Utilities
DCC,5.93,0.065,1.35,74.63,3.0,2026-08-17,0.02,4.9,1.03,5.75,4.3,2026-10-05T03:44:13.274712+00:00,25.0,0.05,1.0904,-11.45,-20.76,-9.85,DYNASTY CERAMIC PUBLIC COMPANY LIMITED,SET,Property & Construction,Construction Materials
AKR,5.91,0.065,1.11,68.98,3.0,2026-05-08,0.065,6.28,-0.37,8.02,5.65,2026-10-05T03:42:23.790158+00:00,5.0,0.065,0.56,0.0,7.63,2.66,EKARAT ENGINEERING PUBLIC COMPANY LIMITED,SET,Industrials,Industrial Materials & Machinery
TKN,5.81,0.27,4.86,78.13,3.0,2026-08-27,0.14,3.48,2.33,7.38,4.7,2026-10-05T03:50:07.787012+00:00,11.0,0.27,3.237,-15.66,0.76,-5.39,TAOKAENOI FOOD & MARKETING PUBLIC COMPANY LIMITED,SET,Agro & Food Industry,Food & Beverage
KYE,5.61,16.0,285.0,62.17,3.0,2026-08-03,16.0,3.16,2.45,5.88,4.91,2026-10-05T03:46:00.379665+00:00,27.0,16.0,168.51,-18.77,13.35,-6.2,KANG YONG ELECTRIC PUBLIC COMPANY LIMITED,SET,Consumer Products,Home & Office Products
SAPPE,5.6,1.75,31.5,79.52,3.0,2026-04-29,1.75,3.11,2.49,6.14,4.49,2026-10-05T03:48:24.500856+00:00,12.0,1.75,12.67,-7.06,9.73,12.48,SAPPE PUBLIC COMPANY LIMITED,SET,Agro & Food Industry,Food & Beverage
OSP,5.59,0.85,16.1,66.13,3.0,2026-08-27,0.45,3.95,1.64,6.2,4.5,2026-10-05T03:47:14.018553+00:00,8.0,0.85,9.09,4.26,-5.03,,OSOTSPA PUBLIC COMPANY LIMITED,SET,Agro & Food Industry,Food & Beverage
LPH,5.56,0.2,3.6,69.46,3.0,2026-08-27,0.05,4.32,1.24,5.75,5.03,2026-10-05T03:46:08.485320+00:00,11.0,0.15,1.985,-4.09,-9.71,-6.7,LADPRAO GENERAL HOSPITAL PUBLIC COMPANY LIMITED,SET,Services,Health Care Services
TEAMG,5.56,0.16,2.88,63.9,3.0,2026-05-07,0.16,0.52,5.04,6.02,4.4,2026-10-05T03:49:47.549080+00:00,2.0,0.16,0.7861,143.29,30.88,,TEAM CONSULTING ENGINEERING AND MANAGEMENT PUBLIC COMPANY LIMITED,SET,Property & Construction,Construction Services
NTV,5.5,1.04,18.8,73.77,3.0,2026-03-19,1.04,2.98,2.52,5.68,4.16,2026-10-05T03:47:05.128774+00:00,27.0,1.04,12.03,-10.69,11.63,-1.34,NONTHAVEJ HOSPITAL PUBLIC COMPANY LIMITED,SET,Services,Health Care Services
SEI,5.34,0.11,2.04,62.84,3.0,2026-03-12,0.11,,,7.38,4.04,2026-10-05T03:48:40.216308+00:00,2.0,0.11,0.23,,,,"SEI MEDICAL PUBLIC CO., LTD.",mai,Consumer Products,
NEO,5.24,1.35,25.75,76.82,3.0,2026-05-05,1.35,,,8.6,5.19,2026-10-05T03:46:55.475165+00:00,2.0,1.35,2.7,,,,Neo Corporate Public Company Limited,SET,Consumer Products,Personal Products & Pharmaceuticals
BVG,5.23,0.081,1.55,68.15,3.0,2026-08-25,0.03,,,5.29,3.79,2026-10-05T03:43:31.545646+00:00,4.0,0.081,0.312,-0.81,,,BlueVenture Group Public Company Limited,mai,Technology,
ATP30,5.19,0.04,0.77,65.49,3.0,2026-04-07,0.04,2.38,2.81,5.26,4.17,2026-10-05T03:42:48.932144+00:00,11.0,0.04,0.302,25.99,5.92,12.81,ATP30 PUBLIC COMPANY LIMITED,mai,Services,
MEGA,5.04,1.65,33.75,63.99,3.0,2026-08-26,0.85,3.78,1.26,5.95,4.12,2026-10-05T03:46:24.595794+00:00,13.0,1.65,11.9,1.03,0.49,11.82,MEGA LIFESCIENCES PUBLIC COMPANY LIMITED,SET,Services,Commerce
TPS,4.97,0.15,3.02,70.32,3.0,2026-08-26,0.03,3.32,1.65,5.03,3.93,2026-10-05T03:50:31.256627+00:00,7.0,0.15,0.9967,-5.9,13.4,,THE PRACTICAL SOLUTION PUBLIC COMPANY LIMITED,mai,Technology,
FE,4.86,8.5,175.0,63.58,3.0,2026-05-08,8.5,3.48,1.38,5.48,4.26,2026-10-05T03:44:37.774144+00:00,27.0,8.5,82.5,0.0,9.1,1.96,FAR EAST FAME LINE PUBLIC COMPANY LIMITED,SET,Services,Media & Publishing
CHG,4.61,0.07,1.53,79.21,3.0,2026-08-27,0.02,3.42,1.19,5.26,3.93,2026-10-05T03:43:43.595242+00:00,14.0,0.07,0.788,0.0,-22.78,6.88,CHULARAT HOSPITAL PUBLIC COMPANY LIMITED,SET,Services,Health Care Services
WHA,4.58,0.144,4.62,74.17,3.0,2026-05-11,0.1438,3.67,0.91,4.68,2.57,2026-10-05T03:51:15.275317+00:00,10.0,0.1438,1.4642,-7.87,0.48,-3.36,WHA CORPORATION PUBLIC COMPANY LIMITED,SET,Property & Construction,Property Development
RBF,4.47,0.21,4.9,78.1,3.0,2026-05-07,0.21,1.45,3.02,7.24,3.78,2026-10-05T03:48:05.441296+00:00,7.0,0.21,1.11,6.27,6.96,,R&B FOOD SUPPLY PUBLIC COMPANY LIMITED,SET,Agro & Food Industry,Food & Beverage
KOOL,4.46,0.013,0.27,65.37,3.0,2026-03-18,0.0125,,,5.2,4.06,2026-10-05T03:45:53.543963+00:00,4.0,0.0125,0.107,0.0,-15.09,,CL VENTURE PUBLIC COMPANY LIMITED,mai,Services,
TWPC,4.38,0.114,2.6,63.37,3.0,2026-04-29,0.114,3.17,1.21,4.96,3.48,2026-10-05T03:50:53.623244+00:00,18.0,0.114,1.8117,7.8,-11.99,-5.93,THAI WAH PUBLIC COMPANY LIMITED,SET,Agro & Food Industry,Food & Beverage
CHAO,4.36,0.17,3.9,78.27,3.0,2026-05-14,0.17,,,4.55,3.48,2026-10-05T03:43:40.719743+00:00,2.0,0.17,0.34,,,,CHAOSUA FOODS INDUSTRY PUBLIC COMPANY LIMITED,SET,Agro & Food Industry,Food & Beverage
CPF,4.27,0.25,21.0,67.2,3.0,2026-08-31,0.45,2.94,1.33,1.38,1.04,2026-10-05T03:43:58.239364+00:00,27.0,0.7,7.65,15.87,1.49,-3.01,CHAROEN POKPHAND FOODS PUBLIC COMPANY LIMITED,SET,Agro & Food Industry,Food & Beverage
XO,4.22,0.736,18.0,63.7,3.0,2026-08-24,0.378,3.7,0.52,5.8,3.44,2026-10-05T03:51:26.116716+00:00,11.0,0.736,6.653,-30.89,4.24,24.85,EXOTIC FOOD PUBLIC COMPANY LIMITED,mai,Agro & Food Industry,
WINDOW,4.17,0.03,0.71,64.38,3.0,2026-05-13,0.03,,,4.62,3.37,2026-10-05T03:51:21.090291+00:00,3.0,0.03,0.083,9.26,,,Window Asia Public Company Limited,SET,Property & Construction,Construction Materials
KWC,4.11,11.5,280.0,69.64,3.0,2026-04-17,11.5,3.9,0.21,4.42,4.05,2026-10-05T03:45:58.154188+00:00,27.0,11.5,109.0,3.08,3.9,5.09,KRUNGDHEP SOPHON PUBLIC COMPANY LIMITED,SET,Services,Transportation & Logistics
ACG,4.0,0.04,1.01,64.85,3.0,2026-04-29,0.04,1.32,2.68,7.55,3.54,2026-10-05T03:42:10.571102+00:00,7.0,0.04,0.1865,44.35,24.64,,AUTOCORP HOLDING PUBLIC COMPANY LIMITED,SET,Industrials,Automotive
BDMS,3.93,0.65,19.1,77.56,3.0,2026-09-08,0.35,2.54,1.39,3.74,2.9,2026-10-05T03:43:03.652515+00:00,15.0,1.0,5.82,12.62,14.87,12.07,BANGKOK DUSIT MEDICAL SERVICES PUBLIC COMPANY LIMITED,SET,Services,Health Care Services
QTC,3.88,0.2,5.2,79.6,3.0,2026-04-10,0.2,4.88,-1.0,6.29,3.7,2026-10-05T03:48:02.164902+00:00,7.0,0.2,2.13,0.0,0.0,1.06,QTC ENERGY PUBLIC COMPANY LIMITED,SET,Industrials,Industrial Materials & Machinery
PEACE,3.87,0.06,1.55,60.03,3.0,2026-03-12,0.06,4.32,-0.45,4.44,2.94,2026-10-05T03:47:22.878712+00:00,5.0,0.06,0.72,-26.32,-21.4,,PEACE & LIVING PUBLIC COMPANY LIMITED,SET,Property & Construction,Property Development
RATCH,3.76,0.8,37.5,62.76,3.0,2026-09-08,0.7,5.23,-1.47,3.11,2.01,2026-10-05T03:48:04.992670+00:00,25.0,1.5,19.4675,-2.13,-6.06,-3.86,RATCH GROUP PUBLIC COMPANY LIMITED,SET,Resources,Energy & Utilities
PCE,3.7,0.08,2.14,67.97,3.0,2026-04-29,0.08,,,4.0,2.96,2026-10-05T03:47:20.211998+00:00,2.0,0.08,0.23,,,,PETCHSRIVICHAI ENTERPRISE PUBLIC COMPANY LIMITED,SET,Agro & Food Industry,Agribusiness
WHAUP,3.63,0.193,6.95,66.54,3.0,2026-04-28,0.1925,5.37,-1.74,5.0,2.27,2026-10-05T03:51:18.250613+00:00,9.0,0.1925,2.0899,-8.65,-2.64,,WHA UTILITIES AND POWER PUBLIC COMPANY LIMITED,SET,Resources,Energy & Utilities
SPA,3.36,0.1,2.94,65.36,3.0,2026-04-21,0.1,0.51,2.85,3.85,2.45,2026-10-05T03:49:07.971743+00:00,3.0,0.1,0.4472,93.09,8.45,,SIAM WELLNESS GROUP PUBLIC COMPANY LIMITED,SET,Services,Tourism & Leisure
COLOUR,3.06,0.03,0.98,70.59,3.0,2026-05-06,0.03,3.37,-0.31,3.75,2.73,2026-10-05T03:43:53.900801+00:00,10.0,0.03,0.44,0.0,-9.71,-1.53,SALEE COLOUR PUBLIC COMPANY LIMITED,mai,Industrial,
CBG,3.05,0.6,53.25,61.74,3.0,2026-08-27,1.0,1.89,1.16,1.83,1.01,2026-10-05T03:43:33.111391+00:00,12.0,1.6,14.25,13.3,-1.78,5.35,CARABAO GROUP PUBLIC COMPANY LIMITED,SET,Agro & Food Industry,Food & Beverage
GUNKUL,2.77,0.14,5.05,62.38,3.0,2026-05-22,0.1,4.01,-1.24,7.95,2.52,2026-10-05T03:44:59.436897+00:00,16.0,0.1,1.0541,7.72,-11.09,13.35,GUNKUL ENGINEERING PUBLIC COMPANY LIMITED,SET,Resources,Energy & Utilities
PANEL,2.77,0.033,1.2,77.68,3.0,2026-04-29,0.033,,,3.0,2.2,2026-10-05T03:47:16.427699+00:00,3.0,0.033,0.093,-6.21,,,PanelesMatic Solutions Public Company Limited,mai,Property & Construction,
SSP,2.68,0.205,7.75,61.93,3.0,2026-05-05,0.205,0.45,2.23,6.83,2.59,2026-10-05T03:49:18.832864+00:00,9.0,0.325,1.2869,48.12,11.11,,SERMSANG POWER CORPORATION PUBLIC COMPANY LIMITED,SET,Resources,Energy & Utilities
BEM,2.33,0.15,6.4,60.0,3.0,2026-03-10,0.15,1.5,0.83,3.1,2.04,2026-10-05T03:43:06.662555+00:00,11.0,0.15,1.23,2.33,13.4,2.26,BANGKOK EXPRESSWAY AND METRO PUBLIC COMPANY LIMITED,SET,Services,Transportation & Logistics
ZEN,1.85,0.1,5.4,67.24,3.0,2026-03-11,0.1,,,1.98,1.53,2026-10-05T03:51:29.804714+00:00,4.0,0.1,1.18,-30.66,-25.98,,ZEN CORPORATION GROUP PUBLIC COMPANY LIMITED,SET,Agro & Food Industry,Food & Beverage
CCET,1.78,0.23,9.15,76.9,3.0,2026-08-31,0.07,1.79,-0.01,5.56,2.05,2026-10-05T03:43:34.871075+00:00,26.0,0.16,0.8713,3.34,42.76,7.42,"CAL-COMP ELECTRONICS (THAILAND) PUBLIC CO., LTD.",SET,Technology,Electronic Components
DCON,1.72,0.003,0.17,76.6,3.0,2026-03-11,0.00275,1.99,-0.27,2.31,1.11,2026-10-05T03:44:13.859469+00:00,23.0,0.0028,0.1395,-48.39,-24.21,-10.13,DCON PRODUCTS PUBLIC COMPANY LIMITED,SET,Property & Construction,Construction Materials
PTC,1.72,0.01,0.58,67.11,3.0,2026-03-12,0.01,3.61,-1.89,1.89,1.2,2026-10-05T03:47:54.456946+00:00,5.0,0.01,0.314,-48.91,-36.9,,PREMIER TANK CORPORATION PUBLIC COMPANY LIMITED,mai,Resources,
CPR,1.38,0.035,2.54,65.44,3.0,2026-03-11,0.035,2.51,-1.13,1.42,1.02,2026-10-05T03:44:03.267980+00:00,22.0,0.035,3.1132,-65.74,-20.47,-12.94,CPR GOMU INDUSTRIAL PUBLIC COMPANY LIMITED,mai,Industrial,
AOT,1.36,0.81,59.5,61.95,3.0,2025-12-11,0.81,0.71,0.65,2.08,1.2,2026-10-05T03:42:33.878876+00:00,3.0,0.81,6.787,31.04,-5.06,9.07,AIRPORTS OF THAILAND PUBLIC COMPANY LIMITED,SET,Services,Transportation & Logistics
NC,0.57,0.01,1.76,61.83,3.0,2026-03-12,0.01,1.6,-1.03,0.61,0.41,2026-10-05T03:46:51.013864+00:00,4.0,0.01,0.2073,-20.1,0.4,-12.77,NEWCITY (BANGKOK) PUBLIC COMPANY LIMITED,SET,Consumer Products,Fashion
OCC,0.52,0.05,9.65,74.91,3.0,2026-05-07,0.05,0.62,-0.1,0.61,0.45,2026-10-05T03:47:08.435926+00:00,24.0,0.05,3.65,-10.61,0.0,-23.2,O.C.C. PUBLIC COMPANY LIMITED,SET,Consumer Products,Personal Products & Pharmaceuticals
NYT,12.82,0.5,3.9,95.14,2.0,2026-05-05,0.5,6.66,6.16,17.86,10.92,2026-10-05T03:47:07.788035+00:00,13.0,0.5,3.26,11.57,25.59,5.24,NAMYONG TERMINAL PUBLIC COMPANY LIMITED,SET,Services,Transportation & Logistics
PRTR,12.27,0.3,3.3,88.24,2.0,2026-08-21,0.1,,,9.68,7.61,2026-10-05T03:47:50.711666+00:00,3.0,0.4,0.8,38.67,,,PRTR Group Public Company Limited,SET,Services,Professional Services
STANLY,11.21,25.0,225.0,80.0,2.0,2026-07-08,17.0,4.9,6.31,13.93,9.77,2026-10-05T03:49:22.505317+00:00,26.0,17.0,119.5,-5.27,14.87,13.02,THAI STANLEY ELECTRIC PUBLIC COMPANY LIMITED,SET,Industrials,Automotive
ALLY,10.72,0.441,4.76,89.86,2.0,2026-10-05,0.1313,8.16,2.56,10.92,8.02,2026-10-05T03:42:24.899578+00:00,7.0,0.4612,3.3937,-5.99,-5.28,,ALLY FREEHOLD AND LEASEHOLD REAL ESTATE INVESTMENT TRUST,SET,Property & Construction,Property Fund & REITs
SCP,10.64,1.0,9.4,96.47,2.0,2026-03-12,1.0,4.75,5.89,14.29,10.26,2026-10-05T03:48:36.520499+00:00,19.0,1.0,5.18,41.9,46.14,11.07,SOUTHERN CONCRETE PILE PUBLIC COMPANY LIMITED,SET,Property & Construction,Construction Materials
MEB,10.58,1.1,10.4,87.38,2.0,2026-04-16,1.1,,,10.68,6.29,2026-10-05T03:46:22.978711+00:00,4.0,1.1,2.9,19.17,,,MEB Corporation Public Company Limited,mai,Services,
VCOM,10.05,0.38,3.78,84.09,2.0,2026-08-24,0.15,6.78,3.27,14.62,9.09,2026-10-05T03:51:06.019039+00:00,9.0,0.38,2.235,8.2,5.55,,VINTCOM TECHNOLOGY PUBLIC COMPANY LIMITED,mai,Technology,
READY,10.0,0.3,3.0,81.7,2.0,2026-08-20,0.15,,,10.87,8.43,2026-10-05T03:48:07.473750+00:00,3.0,0.3,0.95,14.47,,,READYPLANET PUBLIC COMPANY LIMITED,mai,Technology,
SAT,9.76,1.6,16.3,89.86,2.0,2026-08-24,0.4,8.56,1.2,12.31,9.52,2026-10-05T03:48:26.112777+00:00,17.0,1.6,12.71,2.63,1.57,9.26,SOMBOON ADVANCE TECHNOLOGY PUBLIC COMPANY LIMITED,SET,Industrials,Automotive
UP,9.43,2.5,26.5,91.2,2.0,2026-03-30,2.5,5.12,4.31,12.5,7.58,2026-10-05T03:51:01.005338+00:00,3.0,2.5,19.89,28.44,13.28,1.29,UNION PLASTIC PUBLIC COMPANY LIMITED,SET,Industrials,Petrochemicals & Chemicals
PM,9.09,0.93,11.0,99.31,2.0,2026-08-27,0.5,6.44,2.65,8.94,7.32,2026-10-05T03:47:35.683604+00:00,18.0,0.93,6.97,15.73,15.63,-0.11,PREMIER MARKETING PUBLIC COMPANY LIMITED,SET,Agro & Food Industry,Food & Beverage
TQM,8.61,1.25,14.9,93.93,2.0,2026-08-27,0.65,3.99,4.62,11.79,6.91,2026-10-05T03:50:31.748509+00:00,8.0,1.25,8.225,9.58,0.82,,TQM ALPHA PUBLIC COMPANY LIMITED,SET,Financials,Insurance
JDF,8.57,0.18,2.12,96.26,2.0,2026-03-23,0.18,,,13.43,7.89,2026-10-05T03:45:34.352291+00:00,4.0,0.18,0.32,65.1,,,JD Food Public Company Limited,SET,Agro & Food Industry,Food & Beverage
AMARC,8.45,0.25,2.94,82.45,2.0,2026-08-24,0.1,,,11.79,4.55,2026-10-05T03:42:29.203785+00:00,4.0,0.2,0.549,36.29,,,ASIA MEDICAL AND AGRICULTURAL LABORATORY AND RESEARCH CENTER PUBLIC COMPANY LIMITED,mai,Services,
POLY,8.39,0.6,7.15,89.58,2.0,2026-08-27,0.3,,,9.68,7.5,2026-10-05T03:47:37.092309+00:00,4.0,0.6,1.78,6.98,,,Polynet Public Company Limited,SET,Industrials,Automotive
PMTA,8.28,0.7,8.45,89.78,2.0,2026-03-12,0.7,5.2,3.08,8.54,6.48,2026-10-05T03:47:36.611218+00:00,4.0,0.7,7.39,20.51,0.0,-4.59,PM THORESEN ASIA HOLDINGS PUBLIC COMPANY LIMITED,SET,Industrials,Petrochemicals & Chemicals
WP,8.15,0.3,3.68,91.59,2.0,2026-05-07,0.3,5.45,2.7,8.62,7.61,2026-10-05T03:51:23.689558+00:00,7.0,0.3,1.73,2.33,14.87,,WP ENERGY PUBLIC COMPANY LIMITED,SET,Resources,Energy & Utilities
LEE,8.13,0.2,2.46,89.36,2.0,2026-03-26,0.2,3.18,4.95,8.33,7.14,2026-10-05T03:46:03.346830+00:00,27.0,0.2,1.38,30.5,9.0,-1.81,LEE FEED MILL PUBLIC COMPANY LIMITED,SET,Agro & Food Industry,Agribusiness
TSC,8.0,1.2,14.9,93.86,2.0,2026-05-19,0.4,7.77,0.23,9.3,7.55,2026-10-05T03:50:40.050783+00:00,21.0,1.2,9.55,0.0,3.71,9.15,THAI STEEL CABLE PUBLIC COMPANY LIMITED,SET,Industrials,Automotive
SECURE,7.94,1.0,12.5,96.15,2.0,2026-03-12,1.0,2.49,5.45,9.01,6.06,2026-10-05T03:48:39.848826+00:00,5.0,1.0,2.83,15.44,40.91,,NFORCE SECURE PUBLIC COMPANY LIMITED,mai,Technology,
SAFE,7.74,0.41,5.3,97.98,2.0,2026-05-07,0.41,,,7.96,5.39,2026-10-05T03:48:19.356171+00:00,3.0,0.41,1.18,39.82,,,Safe Fertility Group Public Company Limited,SET,Services,Health Care Services
HUMAN,7.62,0.34,4.44,82.05,2.0,2026-08-27,0.14,2.07,5.55,8.85,5.67,2026-10-05T03:45:10.091225+00:00,9.0,0.34,1.71,9.35,16.27,,HUMANICA PUBLIC COMPANY LIMITED,SET,Technology,Information & Communication Technology
SCB,7.57,9.28,149.0,87.32,2.0,2026-09-08,2.0,,,7.34,5.8,2026-10-05T03:48:30.416057+00:00,5.0,11.28,40.75,4.66,49.71,,SCB X PUBLIC COMPANY LIMITED,SET,Financials,Banking
SO,7.56,0.36,4.74,93.42,2.0,2026-08-27,0.18,3.06,4.5,9.68,7.47,2026-10-05T03:49:05.236037+00:00,7.0,0.36,1.7491,22.69,17.39,,SIAMRAJATHANEE PUBLIC COMPANY LIMITED,SET,Services,Professional Services
AIT,7.53,0.36,4.78,94.85,2.0,2026-08-20,0.15,7.49,0.04,7.76,6.79,2026-10-05T03:42:21.362840+00:00,23.0,0.36,3.73,4.0,-4.36,-1.76,"ADVANCED INFORMATION TECHNOLOGY PUBLIC CO.,LTD.",SET,Technology,Information & Communication Technology
MASTEC,7.45,0.14,1.88,83.09,2.0,2026-03-12,0.14,,,14.89,5.26,2026-10-05T03:46:15.023820+00:00,,,,,,,Masstec Link Public Company Limited,SET,Industrials,Industrial Materials & Machinery
DMT,7.37,0.886,12.1,97.12,2.0,2026-08-21,0.223,3.47,3.9,8.77,7.09,2026-10-05T03:44:19.105249+00:00,6.0,0.666,4.806,-5.13,5.9,,DON MUANG TOLLWAY PUBLIC COMPANY LIMITED,SET,Services,Transportation & Logistics
PRG,7.1,0.38,10.7,87.36,2.0,2026-09-17,0.38,4.28,2.82,4.55,3.19,2026-10-05T03:47:45.349797+00:00,2.0,0.76,5.94,8.2,4.84,4.28,PRG CORPORATION PUBLIC COMPANY LIMITED,SET,Agro & Food Industry,Food & Beverage
MNIT,7.08,0.0,1.92,94.62,2.0,2026-09-04,0.034,4.96,2.12,0.0,0.0,2026-10-05T03:46:38.216026+00:00,22.0,0.101,0.814,-8.07,13.77,2.93,MFC-NICHADA THANI PROPERTY FUND,SET,Property & Construction,Property Fund & REITs
TTT,7.08,3.2,48.0,84.6,2.0,2026-06-24,1.7,3.03,4.05,8.65,6.34,2026-10-05T03:50:47.895162+00:00,8.0,3.2,16.5,14.17,26.19,,TORAY TEXTILES (THAILAND) PUBLIC COMPANY LIMITED,SET,Consumer Products,Fashion
PHG,7.0,0.7,10.0,89.82,2.0,2026-05-05,0.7,,,7.14,4.93,2026-10-05T03:47:26.172586+00:00,3.0,0.7,1.72,10.42,,,Patrangsit Healthcare Group Public Company Limited,SET,Services,Health Care Services
TQR,6.94,0.428,5.9,80.54,2.0,2026-08-24,0.203,3.71,3.23,9.11,6.53,2026-10-05T03:50:33.170738+00:00,6.0,0.428,2.125,1.44,7.87,,TQR PUBLIC COMPANY LIMITED,mai,Financials,
PCSGH,6.9,0.22,2.9,96.5,2.0,2026-08-24,0.1,7.52,-0.62,7.69,6.71,2026-10-05T03:47:20.685260+00:00,13.0,0.22,2.87,-9.82,-6.01,-2.38,P.C.S. MACHINE GROUP HOLDING PUBLIC COMPANY LIMITED,SET,Industrials,Automotive
TPCS,6.86,0.7,10.2,93.16,2.0,2026-05-07,0.7,3.83,3.03,7.78,5.51,2026-10-05T03:50:26.806173+00:00,27.0,0.7,6.55,2.5,-1.37,0.0,TPCS PUBLIC COMPANY LIMITED,SET,Industrials,Industrial Materials & Machinery
THIP,6.82,1.5,22.1,88.42,2.0,2026-08-19,0.55,5.52,1.3,7.43,6.0,2026-10-05T03:49:58.802650+00:00,27.0,1.5,14.6456,-13.28,-3.04,2.73,THANTAWAN INDUSTRY PUBLIC COMPANY LIMITED,SET,Industrials,Packaging
AIMIRT,6.67,0.82,12.4,96.18,2.0,2026-08-21,0.205,7.69,-1.02,8.12,6.46,2026-10-05T03:42:20.519544+00:00,9.0,0.615,7.0587,-10.58,-7.08,,AIM INDUSTRIAL GROWTH FREEHOLD AND LEASEHOLD REAL ESTATE INVESTMENT TRUST,SET,Property & Construction,Property Fund & REITs
BAREIT,6.67,0.805,11.7,91.38,2.0,2026-08-05,0.2,,,8.21,6.71,2026-10-05T03:42:56.248249+00:00,4.0,0.605,2.8811,-6.24,,,BA Airport Leasehold Real Estate Investment Trust,SET,Property & Construction,Property Fund & REITs
SMIT,6.63,0.24,3.62,80.0,2.0,2026-08-24,0.1,6.62,0.01,7.19,6.45,2026-10-05T03:48:59.653667+00:00,22.0,0.24,3.0,0.0,-7.79,-2.84,SAHAMIT MACHINERY PUBLIC COMPANY LIMITED,SET,Industrials,Steel and Metal Products
HFT,6.62,0.27,4.08,84.42,2.0,2026-03-11,0.27,6.81,-0.19,7.76,5.87,2026-10-05T03:45:05.150323+00:00,1.0,0.27,2.765,-10.77,-3.04,3.05,HWA FONG RUBBER (THAILAND) PUBLIC COMPANY LIMITED,SET,Industrials,Automotive
KAMART,6.62,0.33,7.3,86.44,2.0,2026-08-25,0.11,3.52,3.1,5.0,3.32,2026-10-05T03:45:39.099676+00:00,15.0,0.33,2.665,-6.98,9.91,3.9,KARMARTS PUBLIC COMPANY LIMITED,SET,Services,Commerce
DTCENT,6.61,0.06,0.92,80.37,2.0,2026-03-11,0.0608,,,7.14,5.83,2026-10-05T03:44:23.248830+00:00,4.0,0.0608,0.1714,7.82,,,D.T.C. Enterprise Public Company Limited,SET,Technology,Information & Communication Technology
KJL,6.56,0.41,6.25,93.68,2.0,2026-08-19,0.15,,,8.2,5.5,2026-10-05T03:45:50.292036+00:00,4.0,0.41,2.2,-4.45,,,KIJCHAROEN ENGINEERING ELECTRIC PUBLIC COMPANY LIMITED,mai,Industrial,
SWC,6.5,0.325,5.0,81.56,2.0,2026-08-24,0.125,0.78,5.72,9.79,6.5,2026-10-05T03:49:34.798257+00:00,23.0,0.325,3.526,288.19,-1.73,4.74,SHERWOOD CORPORATION (THAILAND) PUBLIC COMPANY LIMITED,mai,Industrial,
KISS,6.44,0.21,3.24,81.76,2.0,2026-08-24,0.06,2.62,3.82,8.97,5.53,2026-10-05T03:45:48.796073+00:00,6.0,0.21,1.165,-14.84,5.59,,ROJUKISS INTERNATIONAL PUBLIC COMPANY LIMITED,SET,Consumer Products,Personal Products & Pharmaceuticals
BOL,6.4,0.335,4.98,90.28,2.0,2026-08-24,0.16,3.39,3.01,6.92,5.63,2026-10-05T03:43:21.592511+00:00,22.0,0.335,2.28,1.54,4.03,16.95,BUSINESS ONLINE PUBLIC COMPANY LIMITED,mai,Services,
TOG,6.38,0.45,7.1,89.34,2.0,2026-08-14,0.15,5.64,0.74,7.2,5.81,2026-10-05T03:50:21.428062+00:00,20.0,0.45,4.23,-11.54,-2.85,1.18,THAI OPTICAL GROUP PUBLIC COMPANY LIMITED,SET,Consumer Products,Personal Products & Pharmaceuticals
TRP,6.38,0.25,3.92,100.0,2.0,2026-05-11,0.25,,,6.48,4.81,2026-10-05T03:50:34.783774+00:00,4.0,0.25,0.85,-5.9,,,Aesthetic Connect Public Company Limited,mai,Services,
TIPH,6.28,1.0,23.7,80.78,2.0,2026-09-09,0.5,4.64,1.64,5.21,3.7,2026-10-05T03:50:03.945055+00:00,5.0,1.5,7.65,-2.13,-3.58,,DHIPAYA GROUP HOLDINGS PUBLIC COMPANY LIMITED,SET,Financials,Insurance
TISCO,6.2,5.75,125.5,90.36,2.0,2026-09-07,2.0,7.55,-1.35,5.64,4.32,2026-10-05T03:50:04.549291+00:00,19.0,7.75,69.7,0.0,1.62,8.27,TISCO FINANCIAL GROUP PUBLIC COMPANY LIMITED,SET,Financials,Banking
ITNS,5.96,0.167,2.8,81.51,2.0,2026-03-02,0.167,,,11.68,5.68,2026-10-05T03:45:29.312933+00:00,4.0,0.167,0.564,10.43,,,INTERNATIONAL NETWORK SYSTEM PUBLIC COMPANY LIMITED,mai,Technology,
SNPS,5.94,0.19,4.38,97.59,2.0,2026-05-05,0.19,,,4.55,3.86,2026-10-05T03:49:04.815852+00:00,2.0,0.19,0.39,,,,Specialty Natural Products Public Company Limited,SET,Consumer Products,Personal Products & Pharmaceuticals
EKH,5.77,0.3,5.2,88.69,2.0,2026-05-05,0.3,3.84,1.93,6.12,5.5,2026-10-05T03:44:29.873548+00:00,10.0,0.3,2.341,-19.73,19.38,12.61,EKACHAI MEDICAL CARE PUBLIC COMPANY LIMITED,SET,Services,Health Care Services
HMPRO,5.71,0.22,6.55,84.44,2.0,2026-09-08,0.16,3.43,2.28,3.83,2.89,2026-10-05T03:45:06.346290+00:00,24.0,0.38,3.56,-1.7,0.53,3.1,HOME PRODUCT CENTER PUBLIC COMPANY LIMITED,SET,Services,Commerce
ASIAN,5.54,0.446,7.15,93.81,2.0,2026-08-20,0.198,6.36,-0.82,6.61,5.41,2026-10-05T03:42:43.417512+00:00,11.0,0.4455,4.6672,-14.78,-7.28,14.19,ASIAN SEA CORPORATION PUBLIC COMPANY LIMITED,SET,Agro & Food Industry,Food & Beverage
IMPACT,5.38,0.71,13.1,82.83,2.0,2026-08-27,0.24,2.42,2.96,7.21,5.0,2026-10-05T03:45:19.125766+00:00,12.0,0.58,5.86,-2.72,10.63,-2.0,IMPACT GROWTH REAL ESTATE INVESTMENT TRUST,SET,Property & Construction,Property Fund & REITs
RPH,5.35,0.26,4.84,97.36,2.0,2026-08-24,0.08,4.8,0.55,5.88,4.95,2026-10-05T03:48:13.801757+00:00,10.0,0.26,2.1072,-4.66,-10.39,10.25,RATCHAPHRUEK HOSPITAL PUBLIC COMPANY LIMITED,SET,Services,Health Care Services
ONEE,5.21,0.15,2.88,84.01,2.0,2026-08-24,0.02,3.31,1.9,7.73,4.41,2026-10-05T03:47:10.694195+00:00,5.0,0.15,0.899,-10.61,-4.52,,THE ONE ENTERPRISE PUBLIC COMPANY LIMITED,SET,Services,Media & Publishing
ADVANC,5.04,17.1,345.0,85.0,2.0,2026-08-19,8.69,3.78,1.26,5.88,4.17,2026-10-05T03:42:12.311565+00:00,26.0,36.1,110.3,56.16,36.24,16.56,ADVANCED INFO SERVICE PUBLIC COMPANY LIMITED,SET,Technology,Information & Communication Technology
TTA,4.95,0.0,5.05,80.28,2.0,2026-03-19,0.25,1.33,3.62,0.0,0.0,2026-10-05T03:50:43.507858+00:00,12.0,0.25,1.345,11.57,2.59,17.46,THORESEN THAI AGENCIES PUBLIC COMPANY LIMITED,SET,Services,Transportation & Logistics
CPAXT,4.93,0.71,14.4,81.27,2.0,2026-08-20,0.18,,,5.11,3.03,2026-10-05T03:43:57.676088+00:00,2.0,0.71,1.42,,,,CP AXTRA PUBLIC COMPANY LIMITED,SET,Services,Commerce
NKT,4.89,0.18,3.68,86.08,2.0,2026-05-07,0.18,,,4.97,4.15,2026-10-05T03:46:59.292709+00:00,2.0,0.18,0.36,,,,Nakornthon Hospital Public Company Limited,SET,Services,Health Care Services
PL,4.7,0.062,1.32,81.92,2.0,2026-05-06,0.062,4.68,0.02,5.3,4.0,2026-10-05T03:47:31.005752+00:00,1.0,0.062,1.362,-17.4,-4.97,-9.59,PHATRA LEASING PUBLIC COMPANY LIMITED,SET,Financials,Finance & Securities
TRUE,4.65,0.41,12.9,84.13,2.0,2026-08-17,0.15,1.78,2.87,4.02,2.73,2026-10-05T03:50:38.270490+00:00,2.0,0.41,0.9576,80.26,35.43,,TRUE CORPORATION PUBLIC COMPANY LIMITED,SET,Technology,Information & Communication Technology
SAUCE,4.44,1.81,40.75,81.51,2.0,2026-04-30,1.81,4.52,-0.08,4.86,4.31,2026-10-05T03:48:26.746975+00:00,27.0,1.81,14.11,1.71,2.5,4.64,THAITHEPAROS PUBLIC COMPANY LIMITED,SET,Agro & Food Industry,Food & Beverage
AHC,4.26,0.52,12.2,92.97,2.0,2026-04-30,0.52,3.34,0.92,4.44,3.21,2026-10-05T03:42:17.561091+00:00,27.0,0.52,5.6134,-6.2,-2.93,-1.9,AIKCHOL HOSPITAL PUBLIC COMPANY LIMITED,SET,Services,Health Care Services
HTECH,4.08,0.2,4.98,94.44,2.0,2026-08-26,0.1,3.45,0.63,8.62,3.92,2026-10-05T03:45:09.593129+00:00,18.0,0.2,1.537,25.99,2.13,-0.95,HALCYON TECHNOLOGY PUBLIC COMPANY LIMITED,SET,Industrials,Industrial Materials & Machinery
BCH,4.02,0.45,11.2,93.85,2.0,2026-08-27,0.35,2.94,1.08,4.95,3.49,2026-10-05T03:43:00.444784+00:00,22.0,0.65,4.54,20.66,-14.23,13.7,BANGKOK CHAIN HOSPITAL PUBLIC COMPANY LIMITED,SET,Services,Health Care Services
MCA,3.49,0.044,1.26,85.37,2.0,2026-04-28,0.044,,,4.84,3.26,2026-10-05T03:46:20.279483+00:00,3.0,0.044,0.134,-0.75,,,Market Connections Asia Public Company Limited,mai,Services,
SKR,3.33,0.26,7.8,83.22,2.0,2026-08-26,0.1,1.5,1.83,4.16,3.13,2026-10-05T03:48:56.613543+00:00,19.0,0.26,1.3215,13.04,5.39,20.01,SIKARIN PUBLIC COMPANY LIMITED,SET,Services,Health Care Services
JR,2.94,0.055,1.88,97.01,2.0,2026-03-10,0.055,1.59,1.35,3.35,2.72,2026-10-05T03:45:37.198677+00:00,6.0,0.055,0.425,11.2,-17.04,,J.R.W. UTILITY PUBLIC COMPANY LIMITED,SET,Property & Construction,Construction Services
BGRIM,2.19,0.412,18.8,80.82,2.0,2026-08-26,0.18,0.85,1.34,4.0,1.93,2026-10-05T03:43:09.523190+00:00,9.0,0.412,3.307,4.6,6.55,,B.GRIMM POWER PUBLIC COMPANY LIMITED,SET,Resources,Energy & Utilities
TTI,2.03,0.5,24.6,98.04,2.0,2026-03-12,0.5,2.12,-0.09,2.23,1.61,2026-10-05T03:50:45.909638+00:00,5.0,0.5,6.0,0.0,0.0,0.0,THAI TEXTILE INDUSTRY PUBLIC COMPANY LIMITED,SET,Consumer Products,Fashion
PLANB,1.12,0.211,7.9,84.7,2.0,2026-08-27,0.0435,1.02,0.1,7.03,2.64,2026-10-05T03:47:32.476841+00:00,5.0,0.087,0.9159,-9.3,4.41,2.43,PLAN B MEDIA PUBLIC COMPANY LIMITED,SET,Services,Media & Publishing
SPCG,14.55,0.26,12.0,494.48,,2026-03-13,0.26,8.34,6.21,3.27,2.08,2026-10-05T03:49:10.354840+00:00,13.0,0.26,11.43,-39.08,-20.13,-14.18,SPCG PUBLIC COMPANY LIMITED,SET,Resources,Energy & Utilities
APO,12.43,0.05,1.77,177.61,,2026-03-12,0.05,,,3.23,1.84,2026-10-05T03:42:36.702219+00:00,3.0,0.05,0.41,-30.66,,,Asian Palm Oil Public Company Limited,mai,Agro & Food Industry,
KIAT,12.12,0.03,0.33,287.27,,2026-08-20,0.02,5.54,6.58,10.71,8.11,2026-10-05T03:45:48.264869+00:00,18.0,0.03,0.2764,14.47,8.45,-1.91,KIATTANA TRANSPORT PUBLIC COMPANY LIMITED,SET,Services,Transportation & Logistics
NUT,11.83,0.92,4.82,140.54,,2026-08-21,0.4,,,25.56,16.14,2026-10-05T03:47:05.624837+00:00,2.0,0.57,0.92,,,,NUTRITION PROFESS PUBLIC COMPANY LIMITED,mai,Consumer Products,
SMO,10.74,0.1,3.32,242.49,,2026-05-12,0.2,,,3.07,1.92,2026-10-05T03:49:00.013190+00:00,2.0,0.2,0.35,,,,SMOTHONG GROUP PUBLIC COMPANY LIMITED,SET,Agro & Food Industry,Agribusiness
HPT,10.71,0.015,0.14,129.5,,2026-09-17,0.015,3.68,7.03,25.0,4.05,2026-10-05T03:45:07.501841+00:00,6.0,0.015,0.2137,-23.87,-16.96,-1.32,HOME POTTERY PUBLIC COMPANY LIMITED,mai,Consumer Products,
STX,10.49,0.085,0.81,469.61,,2026-03-16,0.085,,,11.04,6.75,2026-10-05T03:49:28.549745+00:00,3.0,0.085,0.24,15.62,,,Stone One Public Company Limited,mai,Property & Construction,
PACO,10.34,0.15,1.45,150.0,,2026-08-20,0.05,2.98,7.36,14.02,9.37,2026-10-05T03:47:14.405896+00:00,3.0,0.15,0.52,18.56,37.97,,PRESIDENT AUTOMOBILE INDUSTRIES PUBLIC COMPANY LIMITED,mai,Industrial,
NETBAY,10.26,0.8,11.7,125.24,,2026-05-06,0.8,4.32,5.94,8.84,3.2,2026-10-05T03:46:56.589533+00:00,10.0,0.8,8.099,-3.79,0.14,13.63,NETBAY PUBLIC COMPANY LIMITED,mai,Technology,
GVREIT,10.2,0.743,7.35,637.01,,2026-08-26,0.1875,10.34,-0.14,11.79,8.74,2026-10-05T03:44:59.965592+00:00,11.0,0.5604,7.6847,-10.89,-6.38,-2.76,GOLDEN VENTURES LEASEHOLD REAL ESTATE INVESTMENT TRUST,SET,Property & Construction,Property Fund & REITs
GPI,10.06,0.07,1.81,103.08,,2026-08-26,0.11,6.28,3.78,4.55,3.76,2026-10-05T03:44:53.561981+00:00,9.0,0.18,1.22,5.11,17.61,,GRAND PRIX INTERNATIONAL PUBLIC COMPANY LIMITED,SET,Services,Media & Publishing
MOONG,9.83,0.16,2.3,130.46,,2026-04-29,0.16,5.54,4.29,8.74,6.4,2026-10-05T03:46:41.765367+00:00,17.0,0.16,1.2711,-3.85,8.79,5.92,MOONG PATTANA INTERNATIONAL PUBLIC COMPANY LIMITED,mai,Consumer Products,
WHABT,9.6,0.6,6.25,142.81,,2026-08-19,0.15,8.58,1.02,11.11,9.02,2026-10-05T03:51:16.793393+00:00,11.0,0.45,6.1824,-12.92,-7.65,-2.1,WHA BUSINESS COMPLEX FREEHOLD AND LEASEHOLD REAL ESTATE INVESTMENT TRUST,SET,Property & Construction,Property Fund & REITs
QHOP,9.26,0.0,3.24,136.87,,2026-02-26,0.3,6.81,2.45,0.0,0.0,2026-10-05T03:48:01.237979+00:00,2.0,0.3,4.3815,3.57,-2.47,-5.91,QUALITY HOSPITALITY LEASEHOLD PROPERTY FUND,SET,Property & Construction,Property Fund & REITs
ALLA,9.01,0.1,1.11,103.26,,2026-05-08,0.1,5.42,3.59,9.26,7.75,2026-10-05T03:42:24.466882+00:00,10.0,0.1,0.79,-5.9,14.87,17.46,ALLA PUBLIC COMPANY LIMITED,SET,Industrials,Industrial Materials & Machinery
PDG,8.75,0.28,3.28,102.52,,2026-08-19,0.11,5.03,3.72,10.29,8.48,2026-10-05T03:47:21.162691+00:00,13.0,0.28,2.0118,18.1,11.84,2.11,PRODIGY PUBLIC COMPANY LIMITED,mai,Industrial,
ADD,8.51,0.32,3.76,149.35,,2026-08-27,0.07,3.12,5.39,12.8,7.41,2026-10-05T03:42:11.536570+00:00,6.0,0.22,1.82,-19.39,-12.13,,ADDTECH HUB PUBLIC COMPANY LIMITED,mai,Services,
ITTHI,8.33,0.1,1.2,154.43,,2026-03-09,0.1,,,9.09,6.67,2026-10-05T03:45:29.795499+00:00,2.0,0.1,0.2,,,,ITTHIRIT NICE CORPORATION PUBLIC COMPANY LIMITED,mai,Consumer Products,
SENA,8.33,0.138,1.65,108.55,,2026-05-13,0.138295,6.01,2.32,8.47,6.57,2026-10-05T03:48:42.340504+00:00,18.0,0.1383,1.8097,-16.11,-16.39,9.7,SENADEVELOPMENT PUBLIC COMPANY LIMITED,SET,Property & Construction,Property Development
PT,8.26,0.95,11.4,103.35,,2026-08-24,0.45,8.75,-0.49,9.5,7.36,2026-10-05T03:47:54.073956+00:00,18.0,0.95,6.97,10.72,9.26,5.81,PREMIER TECHNOLOGY PUBLIC COMPANY LIMITED,SET,Technology,Information & Communication Technology
SAV,8.26,0.9,10.8,107.08,,2026-08-20,0.4,,,8.82,6.43,2026-10-05T03:48:27.138908+00:00,4.0,0.9,2.85,44.22,,,Samart Aviation Solutions Public Company Limited,SET,Services,Transportation & Logistics
SIMAT,8.26,0.09,1.07,300.0,,2025-11-27,0.09,0.3,7.96,11.39,5.42,2026-10-05T03:48:49.445915+00:00,1.0,0.09,0.337,59.23,11.13,,SIMAT TECHNOLOGIES PUBLIC COMPANY LIMITED,mai,Technology,
UAC,8.2,0.2,2.46,229.7,,2026-04-28,0.2,5.64,2.56,8.2,6.71,2026-10-05T03:50:54.506839+00:00,17.0,0.2,1.985,-17.02,-6.51,14.87,UAC GLOBAL PUBLIC COMPANY LIMITED,SET,Industrials,Petrochemicals & Chemicals
MC,8.16,0.88,11.4,105.07,,2026-11-04,0.36,6.86,1.3,8.38,7.04,2026-10-05T03:46:19.895862+00:00,14.0,0.52,7.19,-16.71,-2.82,-5.85,MC GROUP PUBLIC COMPANY LIMITED,SET,Services,Commerce
AMA,7.94,0.3,3.78,100.13,,2026-03-09,0.2,6.45,1.49,8.02,6.85,2026-10-05T03:42:27.503579+00:00,10.0,0.2,2.4583,-23.69,5.92,-0.41,AMA MARINE PUBLIC COMPANY LIMITED,mai,Services,
UVAN,7.91,1.1,13.9,101.2,,2026-08-27,0.25,9.12,-1.21,9.73,6.18,2026-10-05T03:51:05.270745+00:00,23.0,1.1,6.69,8.97,9.46,10.65,UNIVANICH PALM OIL PUBLIC COMPANY LIMITED,SET,Agro & Food Industry,Agribusiness
KBS,7.87,0.5,6.5,107.24,,2026-03-13,0.5,1.6,6.27,9.9,7.46,2026-10-05T03:45:41.466995+00:00,4.0,0.5,3.23,-3.13,52.81,1.06,KHONBURI SUGAR PUBLIC COMPANY LIMITED,SET,Agro & Food Industry,Food & Beverage
MIPF,7.87,0.38,9.4,132.48,,2026-08-31,0.37,5.7,2.17,4.47,2.99,2026-10-05T03:46:34.492288+00:00,19.0,0.75,8.23,4.35,1.68,-4.02,MILLIONAIRE PROPERTY FUND,SET,Property & Construction,Property Fund & REITs
UEC,7.79,0.06,0.77,241.78,,2026-08-25,0.03,6.91,0.88,10.53,6.32,2026-10-05T03:50:57.041719+00:00,7.0,0.06,0.81,-22.72,-7.79,-7.44,UNIMIT ENGINEERING PUBLIC COMPANY LIMITED,mai,Industrial,
SORKON,7.76,0.25,3.22,205.45,,2026-05-07,0.25,3.59,4.17,7.86,6.19,2026-10-05T03:49:06.512982+00:00,26.0,0.25,2.095,7.72,10.76,-0.95,S. KHONKAEN FOODS PUBLIC COMPANY LIMITED,SET,Agro & Food Industry,Food & Beverage
TFM,7.74,0.48,6.2,117.15,,2026-08-13,0.18,2.48,5.26,8.5,6.91,2026-10-05T03:49:52.113933+00:00,5.0,0.48,1.52,30.7,36.85,,THAI UNION FEEDMILL PUBLIC COMPANY LIMITED,SET,Agro & Food Industry,Agribusiness
BAM,7.69,0.5,6.5,216.42,,2026-05-05,0.5,4.31,3.38,8.06,5.92,2026-10-05T03:42:55.156781+00:00,7.0,0.5,3.8925,9.58,-1.89,,BANGKOK COMMERCIAL ASSET MANAGEMENT PUBLIC COMPANY LIMITED,SET,Financials,Finance & Securities
PG,7.69,0.5,6.6,162.54,,2026-05-12,0.5,2.04,5.65,8.33,5.56,2026-10-05T03:47:24.526324+00:00,9.0,0.5,3.05,35.72,37.97,-7.33,PEOPLE'S GARMENT PUBLIC COMPANY LIMITED,SET,Consumer Products,Fashion
SNNP,7.65,0.505,6.6,159.16,,2026-08-24,0.16,2.12,5.53,7.89,5.64,2026-10-05T03:49:02.771329+00:00,6.0,0.505,2.487,0.33,9.55,,SRINANAPORN MARKETING PUBLIC COMPANY LIMITED,SET,Agro & Food Industry,Food & Beverage
MODERN,7.54,0.15,1.99,125.04,,2026-04-21,0.15,3.69,3.85,8.15,6.2,2026-10-05T03:46:41.029284+00:00,26.0,0.15,1.62,18.56,16.47,-4.98,MODERNFORM GROUP PUBLIC COMPANY LIMITED,SET,Consumer Products,Home & Office Products
SABINA,7.53,1.18,15.4,100.09,,2026-08-24,0.58,5.31,2.22,8.03,6.63,2026-10-05T03:48:17.617169+00:00,19.0,1.18,10.47,-4.62,2.36,15.47,SABINA PUBLIC COMPANY LIMITED,SET,Consumer Products,Fashion
ICHI,7.52,1.05,13.2,112.73,,2026-08-26,0.45,5.92,1.6,8.9,6.91,2026-10-05T03:45:12.817759+00:00,9.0,1.0,6.3,-3.13,14.87,7.18,ICHITAN GROUP PUBLIC COMPANY LIMITED,SET,Agro & Food Industry,Food & Beverage
PATO,7.38,0.45,6.1,109.46,,2026-03-19,0.45,5.94,1.44,7.56,5.49,2026-10-05T03:47:17.495981+00:00,27.0,0.45,7.1,-3.45,-11.31,-6.9,PATO CHEMICAL INDUSTRY PUBLIC COMPANY LIMITED,SET,Industrials,Petrochemicals & Chemicals
SSF,7.33,0.37,5.05,119.48,,2026-05-05,0.3704,5.59,1.74,7.55,6.79,2026-10-05T03:49:18.313882+00:00,22.0,0.3704,3.6509,0.0,-6.51,2.13,SURAPON FOODS PUBLIC COMPANY LIMITED,SET,Agro & Food Industry,Food & Beverage
WHART,7.03,0.677,10.9,109.01,,2026-08-19,0.192936,7.31,-0.28,7.05,5.84,2026-10-05T03:51:17.741567+00:00,12.0,0.5803,7.1326,-6.38,-5.19,0.01,WHA PREMIUM GROWTH FREEHOLD AND LEASEHOLD REAL ESTATE INVESTMENT TRUST,SET,Property & Construction,Property Fund & REITs
TAN,6.65,0.27,4.08,158.82,,2026-05-06,0.27,,,7.89,6.34,2026-10-05T03:49:40.126190+00:00,4.0,0.27,1.3,10.52,,,Tanachira Retail Corporation Public Company Limited,SET,Services,Commerce
BANPU,6.58,0.018,14.4,2788100.0,,2026-09-11,0.4,5.66,0.92,0.22,0.12,2026-10-05T03:42:55.779114+00:00,10.0,0.75,6.5,2.33,0.0,3.15,BANPU PUBLIC COMPANY LIMITED,SET,Resources,Energy & Utilities
WHAIR,6.56,0.595,8.6,178.77,,2026-08-26,0.1434,8.54,-1.98,10.17,6.8,2026-10-05T03:51:17.210311+00:00,8.0,0.4623,5.1686,-9.94,-7.15,,WHA INDUSTRIAL LEASEHOLD REAL ESTATE INVESTMENT TRUST,SET,Property & Construction,Property Fund & REITs
AAI,6.51,0.273,4.22,119.67,,2026-08-19,0.1416,,,8.22,4.96,2026-10-05T03:42:06.450661+00:00,4.0,0.2734,1.3551,-8.64,,,Asian Alliance International Public Company Limited,SET,Agro & Food Industry,Food & Beverage
ILINK,6.43,0.31,4.82,117.14,,2026-05-06,0.31,3.97,2.46,7.11,5.85,2026-10-05T03:45:16.922840+00:00,22.0,0.31,2.3991,-7.37,-12.94,9.51,INTERLINK COMMUNICATION PUBLIC COMPANY LIMITED,SET,Technology,Information & Communication Technology
LPN,6.41,0.1,1.55,1682.65,,2026-08-26,0.05,4.63,1.78,6.85,5.71,2026-10-05T03:46:09.080253+00:00,24.0,0.1,4.45,0.0,-7.79,-18.25,L.P.N. DEVELOPMENT PUBLIC COMPANY LIMITED,SET,Property & Construction,Property Development
CEYE,6.3,0.075,1.19,792.56,,2026-03-13,0.075,4.32,1.98,6.82,4.05,2026-10-05T03:43:36.730598+00:00,5.0,0.075,0.6,-20.63,-12.94,,Chamni's Eye Public Company Limited,mai,Services,
DOD,6.17,0.05,0.82,454.55,,2026-03-13,0.05,,,8.93,2.36,2026-10-05T03:44:19.535451+00:00,1.0,0.05,0.8381,-51.52,,,DOD BIOTECH PUBLIC COMPANY LIMITED,mai,Consumer Products,
BLC,6.09,0.2,3.92,126.51,,2026-08-21,0.05,,,5.49,4.59,2026-10-05T03:43:19.639862+00:00,4.0,0.14,0.59,2.5,,,Bangkok Lab and Cosmetic Public Company Limited,SET,Consumer Products,Personal Products & Pharmaceuticals
GFC,6.07,0.13,2.16,266.02,,2026-08-24,0.03,,,6.53,4.01,2026-10-05T03:44:50.160121+00:00,4.0,0.13,0.69,-17.32,,,Genesis Fertility Center Public Company Limited,mai,Services,
AU,6.04,0.25,4.2,119.05,,2026-05-07,0.25,1.63,4.41,6.1,4.13,2026-10-05T03:42:49.429984+00:00,4.0,0.25,1.6367,5.98,33.03,,AFTER YOU PUBLIC COMPANY LIMITED,mai,Agro & Food Industry,
TBN,5.93,0.21,3.54,396.92,,2026-05-07,0.21,,,6.6,4.41,2026-10-05T03:49:41.795717+00:00,3.0,0.21,0.54,14.47,,,TBN Corporation Public Company Limited,mai,Technology,
SNP,5.85,0.5,8.55,103.56,,2026-08-27,0.05,4.83,1.02,6.17,5.05,2026-10-05T03:49:03.384777+00:00,25.0,0.5,6.9298,-16.21,-5.96,-4.23,S & P SYNDICATE PUBLIC COMPANY LIMITED,SET,Agro & Food Industry,Food & Beverage
TASCO,5.81,0.2,17.2,136.02,,2026-03-04,0.2,6.84,-1.03,1.61,1.12,2026-10-05T03:49:40.958496+00:00,15.0,0.2,10.65,-41.52,-28.23,-13.96,TIPCO ASPHALT PUBLIC COMPANY LIMITED,SET,Property & Construction,Construction Materials
SCGD,5.79,0.345,5.35,125.93,,2026-08-04,0.155,,,7.67,6.0,2026-10-05T03:48:33.188443+00:00,3.0,0.345,0.845,11.33,,,SCG DECOR PUBLIC COMPANY LIMITED,SET,Property & Construction,Construction Materials
NCP,5.73,0.094,1.0,109.49,,2026-09-25,0.0045,,,11.67,8.68,2026-10-05T03:46:53.307305+00:00,2.0,0.0573,0.1716,,,,Nice Call Public Company Limited,mai,Services,
BEC,5.35,0.06,1.86,131.58,,2026-08-27,0.04,2.59,2.76,3.49,2.65,2026-10-05T03:43:06.046931+00:00,5.0,0.1,8.64,0.0,-16.74,-27.38,BEC WORLD PUBLIC COMPANY LIMITED,SET,Services,Media & Publishing
JMT,5.35,0.7,10.0,103.08,,2026-08-24,0.27,2.55,2.8,9.15,5.38,2026-10-05T03:45:35.337030+00:00,14.0,0.7,7.1295,-6.99,-5.11,4.42,JMT NETWORK SERVICES PUBLIC COMPANY LIMITED,SET,Financials,Finance & Securities
IDG,5.33,0.0,1.36,1160.59,,2026-03-11,0.0735,,,0.0,0.0,2026-10-05T03:45:13.700809+00:00,,,,,,,INDIGY PUBLIC COMPANY LIMITED,mai,Technology,
EGCO,5.14,3.25,126.5,650.0,,2026-09-04,3.25,4.83,0.31,3.04,2.27,2026-10-05T03:44:29.305244+00:00,27.0,6.5,68.5,0.0,0.0,-0.38,ELECTRICITY GENERATING PUBLIC COMPANY LIMITED,SET,Resources,Energy & Utilities
HL,4.93,0.22,4.5,100.34,,2026-03-11,0.22,1.31,3.62,5.0,2.7,2026-10-05T03:45:05.598027+00:00,5.0,0.22,0.88,13.62,6.58,,HEALTHLEAD PUBLIC COMPANY LIMITED,mai,Services,
OR,4.92,0.6,12.2,137.71,,2026-09-07,0.3,2.54,2.38,5.77,3.85,2026-10-05T03:47:12.681188+00:00,6.0,0.6,2.88,3.57,2.13,,PTT OIL AND RETAIL BUSINESS PUBLIC COMPANY LIMITED,SET,Resources,Energy & Utilities
STGT,4.81,0.5,10.4,428.1,,2026-08-27,0.25,6.85,-2.04,7.69,4.1,2026-10-05T03:49:25.825919+00:00,7.0,0.75,9.775,14.47,-8.19,,SRI TRANG GLOVES (THAILAND) PUBLIC COMPANY LIMITED,SET,Consumer Products,Personal Products & Pharmaceuticals
WARRIX,4.73,0.056,1.19,474.35,,2026-03-17,0.0563,,,4.79,2.43,2026-10-05T03:51:12.329375+00:00,4.0,0.0563,0.5694,-18.1,,,Warrix Sport Public Company Limited,mai,Consumer Products,
SUN,4.72,0.05,2.1,214.29,,2026-04-28,0.05,4.46,0.26,2.4,1.45,2026-10-05T03:49:30.661937+00:00,9.0,0.05,1.2611,-50.0,-21.4,,SUNSWEET PUBLIC COMPANY LIMITED,SET,Agro & Food Industry,Food & Beverage
BIS,4.69,0.12,2.58,111.01,,2026-08-24,0.23,2.09,2.6,7.06,3.53,2026-10-05T03:43:12.610040+00:00,5.0,0.27,0.7225,31.04,35.1,,Bioscience Animal Health Public Company Limited,mai,Services,
ARIP,4.65,0.02,0.43,102.61,,2026-03-09,0.02,3.76,0.89,5.71,3.85,2026-10-05T03:42:39.350600+00:00,4.0,0.02,0.2759,-2.38,-4.36,,ARIP PUBLIC COMPANY LIMITED,mai,Services,
LH,4.65,0.12,3.44,111.12,,2026-10-14,0.08,6.84,-2.19,3.53,2.67,2026-10-05T03:46:04.473664+00:00,25.0,0.12,5.17,-35.63,-24.83,-16.17,LAND AND HOUSES PUBLIC COMPANY LIMITED,SET,Property & Construction,Property Development
WICE,4.64,0.14,3.04,100.3,,2026-03-11,0.14,2.81,1.83,6.36,3.59,2026-10-05T03:51:18.700238+00:00,11.0,0.14,1.75,-16.45,-9.45,5.76,WICE LOGISTICS PUBLIC COMPANY LIMITED,SET,Services,Transportation & Logistics
TK,4.59,0.2,4.36,160.2,,2026-03-11,0.2,5.23,-0.64,5.0,4.2,2026-10-05T03:50:05.518243+00:00,23.0,0.2,3.96,-7.17,-16.74,-7.79,THITIKORN PUBLIC COMPANY LIMITED,SET,Financials,Finance & Securities
STA,4.57,1.0,22.0,208.33,,2026-08-27,0.5,6.89,-2.32,8.93,4.26,2026-10-05T03:49:21.892544+00:00,26.0,1.0,12.7854,0.0,-9.53,10.0,SRI TRANG AGRO-INDUSTRY PUBLIC COMPANY LIMITED,SET,Agro & Food Industry,Agribusiness
SINO,4.55,0.043,0.96,180.29,,2026-08-20,0.014423,,,5.37,4.02,2026-10-05T03:48:50.037463+00:00,3.0,0.0433,0.1635,14.47,,,Sino Logistics Corporation Public Company Limited,SET,Services,Transportation & Logistics
YONG,4.55,0.03,0.67,106.24,,2026-03-04,0.03,,,5.66,3.33,2026-10-05T03:51:27.573877+00:00,4.0,0.03,0.25,-27.89,,,Yong Concrete Public Company Limited,mai,Property & Construction,
BRR,4.41,0.165,3.78,157.89,,2026-05-06,0.165,2.28,2.13,4.77,4.0,2026-10-05T03:43:24.825478+00:00,6.0,0.165,1.9968,-6.21,18.71,-1.05,BURIRAM SUGAR PUBLIC COMPANY LIMITED,SET,Agro & Food Industry,Food & Beverage
SAMTEL,4.38,0.12,3.24,109.56,,2026-08-26,0.07,1.78,2.6,4.11,2.62,2026-10-05T03:48:23.536842+00:00,5.0,0.12,2.32,33.89,1.76,-7.08,SAMART TELCOMS PUBLIC COMPANY LIMITED,SET,Technology,Information & Communication Technology
VRANDA,4.26,0.185,4.34,113.53,,2026-05-05,0.185,,,4.82,3.89,2026-10-05T03:51:10.996486+00:00,2.0,0.185,0.51,22.76,,,VERANDA RESORT PUBLIC COMPANY LIMITED,SET,Services,Tourism & Leisure
PTG,4.24,0.35,8.3,158.64,,2026-03-10,0.35,3.24,1.0,5.19,3.43,2026-10-05T03:47:55.012899+00:00,14.0,0.35,3.17,-8.04,-4.9,5.76,PTG ENERGY PUBLIC COMPANY LIMITED,SET,Resources,Energy & Utilities
NAM,4.11,0.13,3.16,106.94,,2026-03-13,0.03,,,4.3,3.14,2026-10-05T03:46:49.830822+00:00,3.0,0.03,0.37,-30.66,,,NAMWIWAT MEDICAL CORPORATION PUBLIC COMPANY LIMITED,SET,Consumer Products,Personal Products & Pharmaceuticals
KWM,3.79,0.031,0.81,111.3,,2026-05-05,0.0307,3.86,-0.07,4.08,2.92,2026-10-05T03:45:59.840958+00:00,8.0,0.0307,0.5047,-19.11,-20.39,,K. W. METAL WORK PUBLIC COMPANY LIMITED,mai,Industrial,
APCO,3.61,0.091,2.5,101.11,,2026-04-28,0.091,2.83,0.78,3.7,2.76,2026-10-05T03:42:36.054383+00:00,15.0,0.091,1.4063,-20.34,-5.91,-8.24,ASIAN PHYTOCEUTICALS PUBLIC COMPANY LIMITED,SET,Consumer Products,Personal Products & Pharmaceuticals
AUCT,3.58,0.278,4.08,141.61,,2026-08-20,0.073,5.97,-2.39,7.39,4.48,2026-10-05T03:42:49.907209+00:00,14.0,0.278,4.073,-27.18,-8.35,5.68,UNION AUCTION PUBLIC COMPANY LIMITED,mai,Services,
BAFS,3.54,0.35,9.9,123.87,,2026-08-27,0.13,3.79,-0.25,4.43,2.97,2026-10-05T03:42:54.667759+00:00,4.0,0.35,7.906,13.4,-19.26,-6.78,BANGKOK AVIATION FUEL SERVICES PCL.,SET,Resources,Energy & Utilities
WACOAL,3.46,0.55,15.9,350.0,,2026-05-07,0.55,2.06,1.4,3.62,2.61,2026-10-05T03:51:11.819588+00:00,27.0,0.55,10.05,-7.72,1.92,-8.24,THAI WACOAL PUBLIC COMPANY LIMITED,SET,Consumer Products,Fashion
DDD,3.18,0.15,4.88,209.41,,2026-08-21,0.12,1.31,1.87,3.23,2.24,2026-10-05T03:44:14.398840+00:00,9.0,0.15,2.798,6.27,-15.59,,DO DAY DREAM PUBLIC COMPANY LIMITED,SET,Consumer Products,Personal Products & Pharmaceuticals
LEO,3.17,0.06,1.9,206.9,,2026-03-06,0.06,3.07,0.1,3.64,2.88,2026-10-05T03:46:03.859830+00:00,6.0,0.06,1.08,-27.89,-30.87,,LEO GLOBAL LOGISTICS PUBLIC COMPANY LIMITED,mai,Services,
MATI,3.14,0.0,3.18,166.67,,2026-05-06,0.1,3.34,-0.2,0.0,0.0,2026-10-05T03:46:17.387959+00:00,9.0,0.1,1.95,-26.32,-25.98,-8.76,MATICHON PUBLIC COMPANY LIMITED,SET,Services,Media & Publishing
HENG,3.05,0.026,0.87,165.4,,2026-03-02,0.0262,1.08,1.97,3.13,2.3,2026-10-05T03:45:03.512264+00:00,5.0,0.0262,0.2218,-26.69,21.24,,HENG LEASING AND CAPITAL PUBLIC COMPANY LIMITED,SET,Financials,Finance & Securities
BGC,2.92,0.15,6.4,211.11,,2026-08-24,0.04,3.83,-0.91,4.55,2.1,2026-10-05T03:43:07.875069+00:00,9.0,0.19,2.732,-1.7,-15.65,,BG CONTAINER GLASS PUBLIC COMPANY LIMITED,SET,Industrials,Packaging
ICC,2.87,0.7,24.4,128.91,,2026-05-07,0.7,1.65,1.22,3.26,2.69,2026-10-05T03:45:12.278023+00:00,27.0,0.7,5.3433,-5.72,28.04,0.46,I.C.C. INTERNATIONAL PUBLIC COMPANY LIMITED,SET,Services,Commerce
A5,2.84,0.05,1.76,236.04,,2026-03-11,0.05,,,3.94,2.27,2026-10-05T03:42:06.032878+00:00,3.0,0.05,0.5712,0.0,-15.66,,ASSET FIVE GROUP PUBLIC COMPANY LIMITED,SET,Property & Construction,Property Development
AIMCG,2.8,0.0,1.43,333.46,,2026-08-21,0.02,7.66,-4.86,0.0,0.0,2026-10-05T03:42:19.073708+00:00,8.0,0.04,2.555,-54.69,-37.22,,AIM COMMERCIAL GROWTH FREEHOLD AND LEASEHOLD REAL ESTATE INVESTMENT TRUST,SET,Property & Construction,Property Fund & REITs
UBE,2.68,0.015,0.57,302.33,,2026-03-10,0.0153,2.44,0.24,3.66,1.63,2026-10-05T03:50:56.298212+00:00,5.0,0.0153,0.1185,-0.65,-8.61,,UBON BIO ETHANOL PUBLIC COMPANY LIMITED,SET,Resources,Energy & Utilities
PSH,2.63,0.14,3.78,281.81,,2026-08-27,0.05,5.18,-2.55,4.24,3.38,2026-10-05T03:47:51.472062+00:00,10.0,0.14,9.4,-44.07,-31.96,-20.39,PRUKSA HOLDING PUBLIC COMPANY LIMITED,SET,Property & Construction,Property Development
MEDEZE,2.62,0.16,6.15,127.92,,2026-04-29,0.08,,,2.67,2.18,2026-10-05T03:46:23.699499+00:00,3.0,0.08,0.32,0.0,,,Medeze Group Public Company Limited,SET,Services,Health Care Services
JSP,2.44,0.069,1.74,111.11,,2026-08-24,0.0212,,,4.42,3.19,2026-10-05T03:45:37.649233+00:00,3.0,0.0686,0.166,29.48,,,JSP PHARMACEUTICAL MANUFACTURING (THAILAND) PUBLIC COMPANY LIMITED,mai,Consumer Products,
ASIA,2.41,0.05,5.55,1090.76,,2026-03-06,0.05,1.8,0.61,1.0,0.81,2026-10-05T03:42:42.761755+00:00,3.0,0.05,1.849,-27.28,-25.98,-0.95,ASIA HOTEL PUBLIC COMPANY LIMITED,SET,Services,Tourism & Leisure
KSL,2.33,0.04,1.79,118.04,,2026-03-02,0.04,1.78,0.55,3.36,1.92,2026-10-05T03:45:54.067711+00:00,5.0,0.04,0.5756,-7.17,-7.79,-3.23,KHON KAEN SUGAR INDUSTRY PUBLIC COMPANY LIMITED,SET,Agro & Food Industry,Food & Beverage
BJCHI,2.16,0.068,3.18,222.38,,2026-03-12,0.0684,3.38,-1.22,3.27,1.84,2026-10-05T03:43:14.175681+00:00,1.0,0.0684,7.9884,-47.77,-10.63,-29.94,BJC HEAVY INDUSTRIES PUBLIC COMPANY LIMITED,SET,Property & Construction,Construction Services
CM,2.07,0.031,1.5,200.0,,2026-05-12,0.031,4.18,-2.11,2.09,1.68,2026-10-05T03:43:49.892854+00:00,3.0,0.031,1.791,-29.9,-22.38,-20.57,CHIANGMAI FROZEN FOODS PUBLIC COMPANY LIMITED,SET,Agro & Food Industry,Food & Beverage
OKJ,2.06,0.07,3.8,141.97,,2026-02-19,0.07,,,2.45,1.22,2026-10-05T03:47:10.312053+00:00,2.0,0.07,0.23,,,,Pluk Phak Praw Rak Mae Public Company Limited,SET,Agro & Food Industry,Food & Beverage
TCOAT,2.04,0.0,24.5,188.37,,2026-04-08,0.5,2.81,-0.77,0.0,0.0,2026-10-05T03:49:46.507452+00:00,3.0,0.5,6.4,0.0,-7.79,5.24,THAI COATING INDUSTRIAL PUBLIC COMPANY LIMITED,SET,Industrials,Packaging
THG,2.03,0.14,6.85,161.27,,2026-03-12,0.14,1.44,0.59,2.14,1.41,2026-10-05T03:49:58.240498+00:00,1.0,0.14,3.4197,-44.01,-12.04,,THONBURI HEALTHCARE GROUP PUBLIC COMPANY LIMITED,SET,Services,Health Care Services
HANA,1.92,0.75,53.0,150.75,,2026-03-16,0.75,2.76,-0.84,4.97,1.38,2026-10-05T03:45:02.163359+00:00,27.0,0.75,13.45,0.0,-12.94,-9.34,HANA MICROELECTRONICS PUBLIC COMPANY LIMITED,SET,Technology,Electronic Components
CH,1.9,0.03,1.57,309.6,,2026-05-07,0.03,,,2.27,1.47,2026-10-05T03:43:39.245760+00:00,4.0,0.03,0.23,-9.14,,,Chin Huay Public Company Limited,SET,Agro & Food Industry,Food & Beverage
DTCI,1.61,0.25,15.5,101.96,,2026-04-29,0.25,0.88,0.73,1.63,0.88,2026-10-05T03:44:23.828913+00:00,1.0,0.25,4.05,-10.61,-8.97,-8.38,D.T.C. INDUSTRIES PUBLIC COMPANY LIMITED,SET,Consumer Products,Home & Office Products
KCE,1.6,1.2,75.75,154.27,,2026-08-24,0.6,3.05,-1.45,7.5,1.5,2026-10-05T03:45:44.640280+00:00,17.0,1.2,11.85,-2.63,-9.71,0.87,KCE ELECTRONICS PUBLIC COMPANY LIMITED,SET,Technology,Electronic Components
LTMH,1.34,0.15,11.2,151.3,,2026-03-02,0.15,,,3.71,1.29,2026-10-05T03:46:11.179658+00:00,,,,,,,LTMH Public Company Limited,mai,Services,
PICO,1.19,0.05,4.2,454.55,,2026-03-04,0.05,3.79,-2.6,1.5,1.14,2026-10-05T03:47:27.322921+00:00,2.0,0.05,1.6598,-41.52,-16.74,-9.59,PICO (THAILAND) PUBLIC COMPANY LIMITED,mai,Services,
BE8,0.82,0.04,4.88,114.29,,2026-05-05,0.04,0.05,0.77,0.98,0.57,2026-10-05T03:43:04.045888+00:00,5.0,0.04,0.5695,-44.18,-6.01,,BERYL 8 PLUS PUBLIC COMPANY LIMITED,mai,Technology,
SMT,0.45,0.03,6.7,179.49,,2026-04-30,0.03,1.55,-1.1,2.83,0.44,2026-10-05T03:49:02.081443+00:00,5.0,0.03,0.8455,-24.61,-9.71,,STARS MICROELECTRONICS (THAILAND) PUBLIC COMPANY LIMITED,SET,Technology,Electronic Components
TRUBB,0.3,0.003,1.05,226.48,,2026-04-30,0.0031,,,0.63,0.22,2026-10-05T03:50:37.579259+00:00,1.0,0.0031,0.7147,-72.31,-39.12,-27.97,THAI RUBBER LATEX GROUP PUBLIC COMPANY LIMITED,SET,Agro & Food Industry,Agribusiness
CPNCG,0.18,0.944,5.2,,,,0.245,,,19.27,9.7,2026-10-05T03:44:01.737851+00:00,4.0,0.7615,5.5256,-9.43,-3.79,,CPN COMMERCIAL GROWTH LEASEHOLD PROPERTY FUND,SET,Property & Construction,Property Fund & REITs
TTLPF,0.13,0.988,7.5,,,,0.4934,,,14.32,9.23,2026-10-05T03:50:47.457135+00:00,15.0,1.5753,17.4687,-3.01,-0.57,-1.04,TALAAD THAI LEASEHOLD PROPERTY FUND,SET,Property & Construction,Property Fund & REITs
POPF,0.1,0.893,8.55,,,,0.247,,,14.29,8.95,2026-10-05T03:47:38.564570+00:00,4.0,0.804,6.8828,-8.04,-5.94,,PRIME OFFICE LEASEHOLD PROPERTY FUND,SET,Property & Construction,Property Fund & REITs
SMART,0.07,0.04,0.61,,,,,,,9.76,5.56,2026-10-05T03:48:58.713801+00:00,7.0,0.0675,0.3437,-9.54,11.03,,SMART CONCRETE PUBLIC COMPANY LIMITED,mai,Property & Construction,
MJLF,0.06,0.36,6.05,,,,0.18,,,7.29,5.81,2026-10-05T03:46:35.594556+00:00,,,,,,,MAJOR CINEPLEX LIFESTYLE LEASEHOLD PROPERTY FUND,SET,Property & Construction,Property Fund & REITs
MNRF,0.06,0.12,2.02,,,,0.033,,,7.02,1.59,2026-10-05T03:46:40.300991+00:00,10.0,0.063,1.894,-17.94,5.59,-13.63,MULTI-NATIONAL RESIDENCE FUND,SET,Property & Construction,Property Fund & REITs
MGI,0.05,0.25,4.82,,,,,,,5.3,2.56,2026-10-05T03:46:29.501318+00:00,3.0,0.25,0.831,-10.61,,,Miss Grand International Public Company Limited,mai,Consumer Products,
BKD,0.04,0.05,1.14,,,,,,,5.1,3.65,2026-10-05T03:43:15.977312+00:00,5.0,0.1,1.092,25.99,14.87,23.62,BANGKOK DEC-CON PUBLIC COMPANY LIMITED,SET,Property & Construction,Construction Services
HPF,0.04,0.266,6.1,,,,0.09,,,5.38,2.89,2026-10-05T03:45:06.880496+00:00,5.0,0.09,2.379,-48.77,-29.42,,HEMARAJ INDUSTRIAL PROPERTY AND LEASEHOLD FUND,SET,Property & Construction,Property Fund & REITs
